"","group","subject","item","region","measure","sort","condition","skips","rawdata","nozero","ambiguity","continuation","trimmed_nozero"
"1","Native",1,38,"disamb","fp","disamb fp",6,0,328,328,-0.5,-0.5,328
"3","Native",1,39,"disamb","fp","disamb fp",7,1,0,NA,0.5,0.5,NA
"5","Native",1,26,"disamb","fp","disamb fp",6,0,336,336,-0.5,-0.5,336
"7","Native",1,34,"disamb","fp","disamb fp",6,1,0,NA,-0.5,-0.5,NA
"9","Native",1,46,"disamb","fp","disamb fp",6,1,0,NA,-0.5,-0.5,NA
"11","Native",1,29,"disamb","fp","disamb fp",5,1,0,NA,0.5,-0.5,NA
"13","Native",1,36,"disamb","fp","disamb fp",8,1,0,NA,-0.5,0.5,NA
"15","Native",1,30,"disamb","fp","disamb fp",6,1,0,NA,-0.5,-0.5,NA
"17","Native",1,40,"disamb","fp","disamb fp",8,1,0,NA,-0.5,0.5,NA
"19","Native",1,33,"disamb","fp","disamb fp",5,1,0,NA,0.5,-0.5,NA
"21","Native",1,43,"disamb","fp","disamb fp",7,0,311,311,0.5,0.5,311
"23","Native",1,28,"disamb","fp","disamb fp",8,0,375,375,-0.5,0.5,375
"25","Native",1,31,"disamb","fp","disamb fp",7,1,0,NA,0.5,0.5,NA
"27","Native",1,45,"disamb","fp","disamb fp",5,0,298,298,0.5,-0.5,298
"29","Native",1,25,"disamb","fp","disamb fp",5,1,0,NA,0.5,-0.5,NA
"31","Native",1,41,"disamb","fp","disamb fp",5,0,252,252,0.5,-0.5,252
"33","Native",1,42,"disamb","fp","disamb fp",6,0,682,682,-0.5,-0.5,682
"35","Native",1,37,"disamb","fp","disamb fp",5,0,253,253,0.5,-0.5,253
"37","Native",1,32,"disamb","fp","disamb fp",8,1,0,NA,-0.5,0.5,NA
"39","Native",1,48,"disamb","fp","disamb fp",8,1,0,NA,-0.5,0.5,NA
"41","Native",1,47,"disamb","fp","disamb fp",7,1,0,NA,0.5,0.5,NA
"43","Native",1,44,"disamb","fp","disamb fp",8,1,0,NA,-0.5,0.5,NA
"45","Native",1,27,"disamb","fp","disamb fp",7,1,0,NA,0.5,0.5,NA
"47","Native",1,35,"disamb","fp","disamb fp",7,0,201,201,0.5,0.5,201
"49","Native",2,46,"disamb","fp","disamb fp",7,0,159,159,0.5,0.5,159
"51","Native",2,25,"disamb","fp","disamb fp",6,1,0,NA,-0.5,-0.5,NA
"53","Native",2,39,"disamb","fp","disamb fp",8,1,0,NA,-0.5,0.5,NA
"55","Native",2,38,"disamb","fp","disamb fp",7,0,329,329,0.5,0.5,329
"57","Native",2,30,"disamb","fp","disamb fp",7,0,576,576,0.5,0.5,576
"59","Native",2,27,"disamb","fp","disamb fp",8,1,0,NA,-0.5,0.5,NA
"61","Native",2,29,"disamb","fp","disamb fp",6,0,506,506,-0.5,-0.5,506
"63","Native",2,33,"disamb","fp","disamb fp",6,1,0,NA,-0.5,-0.5,NA
"65","Native",2,32,"disamb","fp","disamb fp",5,0,225,225,0.5,-0.5,225
"67","Native",2,43,"disamb","fp","disamb fp",8,0,478,478,-0.5,0.5,478
"69","Native",2,45,"disamb","fp","disamb fp",6,1,0,NA,-0.5,-0.5,NA
"71","Native",2,48,"disamb","fp","disamb fp",5,1,0,NA,0.5,-0.5,NA
"73","Native",2,47,"disamb","fp","disamb fp",8,1,0,NA,-0.5,0.5,NA
"75","Native",2,31,"disamb","fp","disamb fp",8,0,407,407,-0.5,0.5,407
"77","Native",2,26,"disamb","fp","disamb fp",7,0,183,183,0.5,0.5,183
"79","Native",2,42,"disamb","fp","disamb fp",7,0,176,176,0.5,0.5,176
"81","Native",2,36,"disamb","fp","disamb fp",5,0,194,194,0.5,-0.5,194
"83","Native",2,35,"disamb","fp","disamb fp",8,1,0,NA,-0.5,0.5,NA
"85","Native",2,44,"disamb","fp","disamb fp",5,0,208,208,0.5,-0.5,208
"87","Native",2,41,"disamb","fp","disamb fp",6,0,315,315,-0.5,-0.5,315
"89","Native",2,37,"disamb","fp","disamb fp",6,0,209,209,-0.5,-0.5,209
"91","Native",2,40,"disamb","fp","disamb fp",5,1,0,NA,0.5,-0.5,NA
"93","Native",2,28,"disamb","fp","disamb fp",5,1,0,NA,0.5,-0.5,NA
"95","Native",2,34,"disamb","fp","disamb fp",7,0,301,301,0.5,0.5,301
"98","Native",3,34,"disamb","fp","disamb fp",8,0,563,563,-0.5,0.5,563
"100","Native",3,30,"disamb","fp","disamb fp",8,0,562,562,-0.5,0.5,562
"102","Native",3,38,"disamb","fp","disamb fp",8,0,87,87,-0.5,0.5,87
"104","Native",3,43,"disamb","fp","disamb fp",5,0,130,130,0.5,-0.5,130
"106","Native",3,47,"disamb","fp","disamb fp",5,0,1174,1174,0.5,-0.5,1174
"108","Native",3,25,"disamb","fp","disamb fp",7,0,327,327,0.5,0.5,327
"110","Native",3,37,"disamb","fp","disamb fp",7,0,622,622,0.5,0.5,622
"112","Native",3,40,"disamb","fp","disamb fp",6,0,117,117,-0.5,-0.5,117
"114","Native",3,42,"disamb","fp","disamb fp",8,0,991,991,-0.5,0.5,991
"116","Native",3,33,"disamb","fp","disamb fp",7,0,416,416,0.5,0.5,416
"118","Native",3,39,"disamb","fp","disamb fp",5,0,397,397,0.5,-0.5,397
"120","Native",3,41,"disamb","fp","disamb fp",7,0,706,706,0.5,0.5,706
"122","Native",3,27,"disamb","fp","disamb fp",5,0,484,484,0.5,-0.5,484
"124","Native",3,29,"disamb","fp","disamb fp",7,0,314,314,0.5,0.5,314
"126","Native",3,46,"disamb","fp","disamb fp",8,0,384,384,-0.5,0.5,384
"128","Native",3,28,"disamb","fp","disamb fp",6,0,385,385,-0.5,-0.5,385
"130","Native",3,35,"disamb","fp","disamb fp",5,0,1239,1239,0.5,-0.5,1239
"132","Native",3,45,"disamb","fp","disamb fp",7,0,158,158,0.5,0.5,158
"134","Native",3,32,"disamb","fp","disamb fp",6,0,1315,1315,-0.5,-0.5,1315
"136","Native",3,26,"disamb","fp","disamb fp",8,0,659,659,-0.5,0.5,659
"138","Native",3,36,"disamb","fp","disamb fp",6,0,473,473,-0.5,-0.5,473
"140","Native",3,31,"disamb","fp","disamb fp",5,0,588,588,0.5,-0.5,588
"142","Native",3,48,"disamb","fp","disamb fp",6,0,1194,1194,-0.5,-0.5,1194
"144","Native",3,44,"disamb","fp","disamb fp",6,1,0,NA,-0.5,-0.5,NA
"146","Native",4,43,"disamb","fp","disamb fp",6,0,306,306,-0.5,-0.5,306
"148","Native",4,33,"disamb","fp","disamb fp",8,0,161,161,-0.5,0.5,161
"150","Native",4,29,"disamb","fp","disamb fp",8,0,211,211,-0.5,0.5,211
"152","Native",4,41,"disamb","fp","disamb fp",8,0,183,183,-0.5,0.5,183
"154","Native",4,26,"disamb","fp","disamb fp",5,0,302,302,0.5,-0.5,302
"156","Native",4,28,"disamb","fp","disamb fp",7,0,226,226,0.5,0.5,226
"158","Native",4,25,"disamb","fp","disamb fp",8,0,273,273,-0.5,0.5,273
"160","Native",4,34,"disamb","fp","disamb fp",5,0,347,347,0.5,-0.5,347
"162","Native",4,38,"disamb","fp","disamb fp",5,0,262,262,0.5,-0.5,262
"164","Native",4,30,"disamb","fp","disamb fp",5,0,194,194,0.5,-0.5,194
"166","Native",4,48,"disamb","fp","disamb fp",7,0,166,166,0.5,0.5,166
"168","Native",4,27,"disamb","fp","disamb fp",6,1,0,NA,-0.5,-0.5,NA
"170","Native",4,35,"disamb","fp","disamb fp",6,0,431,431,-0.5,-0.5,431
"172","Native",4,45,"disamb","fp","disamb fp",8,0,293,293,-0.5,0.5,293
"174","Native",4,42,"disamb","fp","disamb fp",5,0,277,277,0.5,-0.5,277
"176","Native",4,47,"disamb","fp","disamb fp",6,0,218,218,-0.5,-0.5,218
"178","Native",4,39,"disamb","fp","disamb fp",6,0,303,303,-0.5,-0.5,303
"180","Native",4,44,"disamb","fp","disamb fp",7,0,187,187,0.5,0.5,187
"182","Native",4,32,"disamb","fp","disamb fp",7,0,293,293,0.5,0.5,293
"184","Native",4,37,"disamb","fp","disamb fp",8,0,231,231,-0.5,0.5,231
"186","Native",4,46,"disamb","fp","disamb fp",5,1,0,NA,0.5,-0.5,NA
"188","Native",4,31,"disamb","fp","disamb fp",6,0,293,293,-0.5,-0.5,293
"190","Native",4,40,"disamb","fp","disamb fp",7,0,427,427,0.5,0.5,427
"192","Native",4,36,"disamb","fp","disamb fp",7,0,321,321,0.5,0.5,321
"193","Native",5,39,"disamb","fp","disamb fp",7,0,458,458,0.5,0.5,458
"195","Native",5,33,"disamb","fp","disamb fp",5,0,229,229,0.5,-0.5,229
"197","Native",5,30,"disamb","fp","disamb fp",6,0,149,149,-0.5,-0.5,149
"199","Native",5,46,"disamb","fp","disamb fp",6,1,0,NA,-0.5,-0.5,NA
"201","Native",5,25,"disamb","fp","disamb fp",5,0,617,617,0.5,-0.5,617
"203","Native",5,42,"disamb","fp","disamb fp",6,1,0,NA,-0.5,-0.5,NA
"205","Native",5,41,"disamb","fp","disamb fp",5,1,0,NA,0.5,-0.5,NA
"207","Native",5,36,"disamb","fp","disamb fp",8,1,0,NA,-0.5,0.5,NA
"209","Native",5,34,"disamb","fp","disamb fp",6,1,0,NA,-0.5,-0.5,NA
"211","Native",5,35,"disamb","fp","disamb fp",7,1,0,NA,0.5,0.5,NA
"213","Native",5,43,"disamb","fp","disamb fp",7,0,443,443,0.5,0.5,443
"215","Native",5,47,"disamb","fp","disamb fp",7,0,186,186,0.5,0.5,186
"217","Native",5,38,"disamb","fp","disamb fp",6,0,267,267,-0.5,-0.5,267
"219","Native",5,27,"disamb","fp","disamb fp",7,1,0,NA,0.5,0.5,NA
"221","Native",5,45,"disamb","fp","disamb fp",5,1,0,NA,0.5,-0.5,NA
"223","Native",5,37,"disamb","fp","disamb fp",5,0,131,131,0.5,-0.5,131
"225","Native",5,48,"disamb","fp","disamb fp",8,1,0,NA,-0.5,0.5,NA
"227","Native",5,44,"disamb","fp","disamb fp",8,1,0,NA,-0.5,0.5,NA
"229","Native",5,26,"disamb","fp","disamb fp",6,1,0,NA,-0.5,-0.5,NA
"231","Native",5,32,"disamb","fp","disamb fp",8,0,448,448,-0.5,0.5,448
"233","Native",5,28,"disamb","fp","disamb fp",8,1,0,NA,-0.5,0.5,NA
"235","Native",5,31,"disamb","fp","disamb fp",7,1,0,NA,0.5,0.5,NA
"237","Native",5,29,"disamb","fp","disamb fp",5,0,244,244,0.5,-0.5,244
"239","Native",5,40,"disamb","fp","disamb fp",8,1,0,NA,-0.5,0.5,NA
"242","Native",6,30,"disamb","fp","disamb fp",7,1,0,NA,0.5,0.5,NA
"244","Native",6,35,"disamb","fp","disamb fp",8,1,0,NA,-0.5,0.5,NA
"246","Native",6,43,"disamb","fp","disamb fp",8,0,264,264,-0.5,0.5,264
"248","Native",6,36,"disamb","fp","disamb fp",5,0,147,147,0.5,-0.5,147
"250","Native",6,32,"disamb","fp","disamb fp",5,1,0,NA,0.5,-0.5,NA
"252","Native",6,37,"disamb","fp","disamb fp",6,1,0,NA,-0.5,-0.5,NA
"254","Native",6,47,"disamb","fp","disamb fp",8,1,0,NA,-0.5,0.5,NA
"256","Native",6,33,"disamb","fp","disamb fp",6,0,139,139,-0.5,-0.5,139
"258","Native",6,41,"disamb","fp","disamb fp",6,1,0,NA,-0.5,-0.5,NA
"260","Native",6,26,"disamb","fp","disamb fp",7,0,146,146,0.5,0.5,146
"262","Native",6,39,"disamb","fp","disamb fp",8,1,0,NA,-0.5,0.5,NA
"264","Native",6,38,"disamb","fp","disamb fp",7,0,102,102,0.5,0.5,102
"266","Native",6,25,"disamb","fp","disamb fp",6,0,88,88,-0.5,-0.5,88
"268","Native",6,34,"disamb","fp","disamb fp",7,0,179,179,0.5,0.5,179
"270","Native",6,27,"disamb","fp","disamb fp",8,0,143,143,-0.5,0.5,143
"272","Native",6,48,"disamb","fp","disamb fp",5,1,0,NA,0.5,-0.5,NA
"274","Native",6,28,"disamb","fp","disamb fp",5,0,331,331,0.5,-0.5,331
"276","Native",6,31,"disamb","fp","disamb fp",8,0,183,183,-0.5,0.5,183
"278","Native",6,46,"disamb","fp","disamb fp",7,0,136,136,0.5,0.5,136
"280","Native",6,40,"disamb","fp","disamb fp",5,0,184,184,0.5,-0.5,184
"282","Native",6,42,"disamb","fp","disamb fp",7,0,179,179,0.5,0.5,179
"284","Native",6,45,"disamb","fp","disamb fp",6,1,0,NA,-0.5,-0.5,NA
"286","Native",6,44,"disamb","fp","disamb fp",5,1,0,NA,0.5,-0.5,NA
"288","Native",6,29,"disamb","fp","disamb fp",6,1,0,NA,-0.5,-0.5,NA
"289","Native",7,44,"disamb","fp","disamb fp",6,0,366,366,-0.5,-0.5,366
"291","Native",7,35,"disamb","fp","disamb fp",5,0,624,624,0.5,-0.5,624
"293","Native",7,26,"disamb","fp","disamb fp",8,1,0,NA,-0.5,0.5,NA
"295","Native",7,38,"disamb","fp","disamb fp",8,0,170,170,-0.5,0.5,170
"297","Native",7,28,"disamb","fp","disamb fp",6,0,222,222,-0.5,-0.5,222
"299","Native",7,45,"disamb","fp","disamb fp",7,0,199,199,0.5,0.5,199
"301","Native",7,41,"disamb","fp","disamb fp",7,1,0,NA,0.5,0.5,NA
"303","Native",7,43,"disamb","fp","disamb fp",5,0,1172,1172,0.5,-0.5,1172
"305","Native",7,27,"disamb","fp","disamb fp",5,0,481,481,0.5,-0.5,481
"307","Native",7,32,"disamb","fp","disamb fp",6,0,460,460,-0.5,-0.5,460
"309","Native",7,47,"disamb","fp","disamb fp",5,0,760,760,0.5,-0.5,760
"311","Native",7,42,"disamb","fp","disamb fp",8,0,432,432,-0.5,0.5,432
"313","Native",7,29,"disamb","fp","disamb fp",7,0,393,393,0.5,0.5,393
"315","Native",7,46,"disamb","fp","disamb fp",8,1,0,NA,-0.5,0.5,NA
"317","Native",7,36,"disamb","fp","disamb fp",6,0,161,161,-0.5,-0.5,161
"319","Native",7,39,"disamb","fp","disamb fp",5,1,0,NA,0.5,-0.5,NA
"321","Native",7,48,"disamb","fp","disamb fp",6,0,243,243,-0.5,-0.5,243
"323","Native",7,33,"disamb","fp","disamb fp",7,0,516,516,0.5,0.5,516
"325","Native",7,34,"disamb","fp","disamb fp",8,0,587,587,-0.5,0.5,587
"327","Native",7,40,"disamb","fp","disamb fp",6,1,0,NA,-0.5,-0.5,NA
"329","Native",7,30,"disamb","fp","disamb fp",8,0,257,257,-0.5,0.5,257
"331","Native",7,25,"disamb","fp","disamb fp",7,0,427,427,0.5,0.5,427
"333","Native",7,31,"disamb","fp","disamb fp",5,1,0,NA,0.5,-0.5,NA
"335","Native",7,37,"disamb","fp","disamb fp",7,0,180,180,0.5,0.5,180
"338","Native",8,46,"disamb","fp","disamb fp",5,0,200,200,0.5,-0.5,200
"340","Native",8,41,"disamb","fp","disamb fp",8,0,191,191,-0.5,0.5,191
"342","Native",8,39,"disamb","fp","disamb fp",6,0,352,352,-0.5,-0.5,352
"344","Native",8,35,"disamb","fp","disamb fp",6,0,369,369,-0.5,-0.5,369
"346","Native",8,26,"disamb","fp","disamb fp",5,0,417,417,0.5,-0.5,417
"348","Native",8,44,"disamb","fp","disamb fp",7,0,207,207,0.5,0.5,207
"350","Native",8,38,"disamb","fp","disamb fp",5,0,491,491,0.5,-0.5,491
"352","Native",8,28,"disamb","fp","disamb fp",7,0,529,529,0.5,0.5,529
"354","Native",8,34,"disamb","fp","disamb fp",5,0,582,582,0.5,-0.5,582
"356","Native",8,36,"disamb","fp","disamb fp",7,0,469,469,0.5,0.5,469
"358","Native",8,48,"disamb","fp","disamb fp",7,0,360,360,0.5,0.5,360
"360","Native",8,47,"disamb","fp","disamb fp",6,0,363,363,-0.5,-0.5,363
"362","Native",8,25,"disamb","fp","disamb fp",8,0,418,418,-0.5,0.5,418
"364","Native",8,43,"disamb","fp","disamb fp",6,0,264,264,-0.5,-0.5,264
"366","Native",8,42,"disamb","fp","disamb fp",5,0,360,360,0.5,-0.5,360
"368","Native",8,31,"disamb","fp","disamb fp",6,0,257,257,-0.5,-0.5,257
"370","Native",8,32,"disamb","fp","disamb fp",7,0,217,217,0.5,0.5,217
"372","Native",8,33,"disamb","fp","disamb fp",8,0,262,262,-0.5,0.5,262
"374","Native",8,27,"disamb","fp","disamb fp",6,0,409,409,-0.5,-0.5,409
"376","Native",8,45,"disamb","fp","disamb fp",8,0,255,255,-0.5,0.5,255
"378","Native",8,30,"disamb","fp","disamb fp",5,0,241,241,0.5,-0.5,241
"380","Native",8,37,"disamb","fp","disamb fp",8,0,324,324,-0.5,0.5,324
"382","Native",8,29,"disamb","fp","disamb fp",8,0,415,415,-0.5,0.5,415
"384","Native",8,40,"disamb","fp","disamb fp",7,0,378,378,0.5,0.5,378
"385","Native",9,40,"disamb","fp","disamb fp",8,0,168,168,-0.5,0.5,168
"387","Native",9,37,"disamb","fp","disamb fp",5,0,394,394,0.5,-0.5,394
"389","Native",9,42,"disamb","fp","disamb fp",6,0,252,252,-0.5,-0.5,252
"391","Native",9,39,"disamb","fp","disamb fp",7,0,237,237,0.5,0.5,237
"393","Native",9,35,"disamb","fp","disamb fp",7,0,218,218,0.5,0.5,218
"395","Native",9,38,"disamb","fp","disamb fp",6,0,166,166,-0.5,-0.5,166
"397","Native",9,26,"disamb","fp","disamb fp",6,0,381,381,-0.5,-0.5,381
"399","Native",9,32,"disamb","fp","disamb fp",8,0,412,412,-0.5,0.5,412
"401","Native",9,29,"disamb","fp","disamb fp",5,0,645,645,0.5,-0.5,645
"403","Native",9,47,"disamb","fp","disamb fp",7,0,596,596,0.5,0.5,596
"405","Native",9,36,"disamb","fp","disamb fp",8,0,334,334,-0.5,0.5,334
"407","Native",9,27,"disamb","fp","disamb fp",7,0,492,492,0.5,0.5,492
"409","Native",9,48,"disamb","fp","disamb fp",8,0,675,675,-0.5,0.5,675
"411","Native",9,28,"disamb","fp","disamb fp",8,0,379,379,-0.5,0.5,379
"413","Native",9,33,"disamb","fp","disamb fp",5,0,244,244,0.5,-0.5,244
"415","Native",9,31,"disamb","fp","disamb fp",7,0,178,178,0.5,0.5,178
"417","Native",9,43,"disamb","fp","disamb fp",7,0,332,332,0.5,0.5,332
"419","Native",9,44,"disamb","fp","disamb fp",8,0,541,541,-0.5,0.5,541
"421","Native",9,45,"disamb","fp","disamb fp",5,0,390,390,0.5,-0.5,390
"423","Native",9,46,"disamb","fp","disamb fp",6,0,427,427,-0.5,-0.5,427
"425","Native",9,30,"disamb","fp","disamb fp",6,0,280,280,-0.5,-0.5,280
"427","Native",9,25,"disamb","fp","disamb fp",5,0,301,301,0.5,-0.5,301
"429","Native",9,41,"disamb","fp","disamb fp",5,0,175,175,0.5,-0.5,175
"431","Native",9,34,"disamb","fp","disamb fp",6,0,242,242,-0.5,-0.5,242
"433","Native",10,40,"disamb","fp","disamb fp",5,0,444,444,0.5,-0.5,444
"435","Native",10,25,"disamb","fp","disamb fp",6,0,150,150,-0.5,-0.5,150
"437","Native",10,28,"disamb","fp","disamb fp",5,0,177,177,0.5,-0.5,177
"439","Native",10,29,"disamb","fp","disamb fp",6,0,241,241,-0.5,-0.5,241
"441","Native",10,47,"disamb","fp","disamb fp",8,1,0,NA,-0.5,0.5,NA
"443","Native",10,37,"disamb","fp","disamb fp",6,0,431,431,-0.5,-0.5,431
"445","Native",10,30,"disamb","fp","disamb fp",7,1,0,NA,0.5,0.5,NA
"447","Native",10,45,"disamb","fp","disamb fp",6,1,0,NA,-0.5,-0.5,NA
"449","Native",10,36,"disamb","fp","disamb fp",5,1,0,NA,0.5,-0.5,NA
"451","Native",10,26,"disamb","fp","disamb fp",7,0,284,284,0.5,0.5,284
"453","Native",10,32,"disamb","fp","disamb fp",5,0,281,281,0.5,-0.5,281
"455","Native",10,43,"disamb","fp","disamb fp",8,0,304,304,-0.5,0.5,304
"457","Native",10,33,"disamb","fp","disamb fp",6,0,181,181,-0.5,-0.5,181
"459","Native",10,31,"disamb","fp","disamb fp",8,1,0,NA,-0.5,0.5,NA
"461","Native",10,39,"disamb","fp","disamb fp",8,0,166,166,-0.5,0.5,166
"463","Native",10,42,"disamb","fp","disamb fp",7,0,655,655,0.5,0.5,655
"465","Native",10,48,"disamb","fp","disamb fp",5,0,800,800,0.5,-0.5,800
"467","Native",10,27,"disamb","fp","disamb fp",8,0,160,160,-0.5,0.5,160
"469","Native",10,35,"disamb","fp","disamb fp",8,0,185,185,-0.5,0.5,185
"471","Native",10,46,"disamb","fp","disamb fp",7,0,188,188,0.5,0.5,188
"473","Native",10,38,"disamb","fp","disamb fp",7,0,188,188,0.5,0.5,188
"475","Native",10,34,"disamb","fp","disamb fp",7,0,410,410,0.5,0.5,410
"477","Native",10,44,"disamb","fp","disamb fp",5,0,178,178,0.5,-0.5,178
"479","Native",10,41,"disamb","fp","disamb fp",6,0,264,264,-0.5,-0.5,264
"481","Native",11,37,"disamb","fp","disamb fp",7,0,1524,1524,0.5,0.5,NA
"483","Native",11,43,"disamb","fp","disamb fp",5,0,776,776,0.5,-0.5,776
"485","Native",11,34,"disamb","fp","disamb fp",8,0,476,476,-0.5,0.5,476
"487","Native",11,38,"disamb","fp","disamb fp",8,0,404,404,-0.5,0.5,404
"489","Native",11,26,"disamb","fp","disamb fp",8,0,214,214,-0.5,0.5,214
"491","Native",11,42,"disamb","fp","disamb fp",8,0,444,444,-0.5,0.5,444
"493","Native",11,46,"disamb","fp","disamb fp",8,0,286,286,-0.5,0.5,286
"495","Native",11,41,"disamb","fp","disamb fp",7,0,368,368,0.5,0.5,368
"497","Native",11,31,"disamb","fp","disamb fp",5,0,398,398,0.5,-0.5,398
"499","Native",11,45,"disamb","fp","disamb fp",7,0,172,172,0.5,0.5,172
"501","Native",11,35,"disamb","fp","disamb fp",5,0,708,708,0.5,-0.5,708
"503","Native",11,32,"disamb","fp","disamb fp",6,0,294,294,-0.5,-0.5,294
"505","Native",11,47,"disamb","fp","disamb fp",5,0,324,324,0.5,-0.5,324
"507","Native",11,36,"disamb","fp","disamb fp",6,0,402,402,-0.5,-0.5,402
"509","Native",11,25,"disamb","fp","disamb fp",7,0,98,98,0.5,0.5,98
"511","Native",11,30,"disamb","fp","disamb fp",8,0,672,672,-0.5,0.5,672
"513","Native",11,40,"disamb","fp","disamb fp",6,0,404,404,-0.5,-0.5,404
"515","Native",11,48,"disamb","fp","disamb fp",6,0,680,680,-0.5,-0.5,680
"517","Native",11,29,"disamb","fp","disamb fp",7,0,424,424,0.5,0.5,424
"519","Native",11,27,"disamb","fp","disamb fp",5,0,678,678,0.5,-0.5,678
"521","Native",11,33,"disamb","fp","disamb fp",7,0,410,410,0.5,0.5,410
"523","Native",11,39,"disamb","fp","disamb fp",5,0,672,672,0.5,-0.5,672
"525","Native",11,28,"disamb","fp","disamb fp",6,0,326,326,-0.5,-0.5,326
"527","Native",11,44,"disamb","fp","disamb fp",6,0,434,434,-0.5,-0.5,434
"529","Native",12,37,"disamb","fp","disamb fp",6,0,377,377,-0.5,-0.5,377
"531","Native",12,43,"disamb","fp","disamb fp",8,0,345,345,-0.5,0.5,345
"533","Native",12,25,"disamb","fp","disamb fp",6,0,168,168,-0.5,-0.5,168
"535","Native",12,26,"disamb","fp","disamb fp",7,0,268,268,0.5,0.5,268
"537","Native",12,46,"disamb","fp","disamb fp",7,1,0,NA,0.5,0.5,NA
"539","Native",12,31,"disamb","fp","disamb fp",8,0,220,220,-0.5,0.5,220
"541","Native",12,39,"disamb","fp","disamb fp",8,0,322,322,-0.5,0.5,322
"543","Native",12,38,"disamb","fp","disamb fp",7,0,179,179,0.5,0.5,179
"545","Native",12,27,"disamb","fp","disamb fp",8,0,572,572,-0.5,0.5,572
"547","Native",12,41,"disamb","fp","disamb fp",6,0,304,304,-0.5,-0.5,304
"549","Native",12,29,"disamb","fp","disamb fp",6,0,228,228,-0.5,-0.5,228
"551","Native",12,35,"disamb","fp","disamb fp",8,0,243,243,-0.5,0.5,243
"553","Native",12,40,"disamb","fp","disamb fp",5,0,311,311,0.5,-0.5,311
"555","Native",12,33,"disamb","fp","disamb fp",6,0,150,150,-0.5,-0.5,150
"557","Native",12,36,"disamb","fp","disamb fp",5,0,165,165,0.5,-0.5,165
"559","Native",12,47,"disamb","fp","disamb fp",8,1,0,NA,-0.5,0.5,NA
"561","Native",12,34,"disamb","fp","disamb fp",7,0,152,152,0.5,0.5,152
"563","Native",12,48,"disamb","fp","disamb fp",5,0,541,541,0.5,-0.5,541
"565","Native",12,32,"disamb","fp","disamb fp",5,0,429,429,0.5,-0.5,429
"567","Native",12,42,"disamb","fp","disamb fp",7,0,383,383,0.5,0.5,383
"569","Native",12,30,"disamb","fp","disamb fp",7,0,565,565,0.5,0.5,565
"571","Native",12,28,"disamb","fp","disamb fp",5,0,209,209,0.5,-0.5,209
"573","Native",12,44,"disamb","fp","disamb fp",5,0,313,313,0.5,-0.5,313
"575","Native",12,45,"disamb","fp","disamb fp",6,0,321,321,-0.5,-0.5,321
"578","Native",13,34,"disamb","fp","disamb fp",5,0,219,219,0.5,-0.5,219
"580","Native",13,27,"disamb","fp","disamb fp",6,1,0,NA,-0.5,-0.5,NA
"582","Native",13,39,"disamb","fp","disamb fp",6,1,0,NA,-0.5,-0.5,NA
"584","Native",13,40,"disamb","fp","disamb fp",7,0,276,276,0.5,0.5,276
"586","Native",13,32,"disamb","fp","disamb fp",7,0,200,200,0.5,0.5,200
"588","Native",13,46,"disamb","fp","disamb fp",5,1,0,NA,0.5,-0.5,NA
"590","Native",13,41,"disamb","fp","disamb fp",8,0,325,325,-0.5,0.5,325
"592","Native",13,33,"disamb","fp","disamb fp",8,0,209,209,-0.5,0.5,209
"594","Native",13,45,"disamb","fp","disamb fp",8,1,0,NA,-0.5,0.5,NA
"596","Native",13,36,"disamb","fp","disamb fp",7,0,406,406,0.5,0.5,406
"598","Native",13,43,"disamb","fp","disamb fp",6,0,310,310,-0.5,-0.5,310
"600","Native",13,42,"disamb","fp","disamb fp",5,0,244,244,0.5,-0.5,244
"602","Native",13,37,"disamb","fp","disamb fp",8,1,0,NA,-0.5,0.5,NA
"604","Native",13,29,"disamb","fp","disamb fp",8,0,270,270,-0.5,0.5,270
"606","Native",13,48,"disamb","fp","disamb fp",7,0,225,225,0.5,0.5,225
"608","Native",13,44,"disamb","fp","disamb fp",7,0,405,405,0.5,0.5,405
"610","Native",13,47,"disamb","fp","disamb fp",6,0,474,474,-0.5,-0.5,474
"612","Native",13,35,"disamb","fp","disamb fp",6,1,0,NA,-0.5,-0.5,NA
"614","Native",13,30,"disamb","fp","disamb fp",5,1,0,NA,0.5,-0.5,NA
"616","Native",13,26,"disamb","fp","disamb fp",5,1,0,NA,0.5,-0.5,NA
"618","Native",13,25,"disamb","fp","disamb fp",8,0,380,380,-0.5,0.5,380
"620","Native",13,38,"disamb","fp","disamb fp",5,1,0,NA,0.5,-0.5,NA
"622","Native",13,28,"disamb","fp","disamb fp",7,0,176,176,0.5,0.5,176
"624","Native",13,31,"disamb","fp","disamb fp",6,0,264,264,-0.5,-0.5,264
"626","Native",14,30,"disamb","fp","disamb fp",6,0,260,260,-0.5,-0.5,260
"628","Native",14,35,"disamb","fp","disamb fp",7,0,177,177,0.5,0.5,177
"630","Native",14,29,"disamb","fp","disamb fp",5,0,349,349,0.5,-0.5,349
"632","Native",14,40,"disamb","fp","disamb fp",8,0,521,521,-0.5,0.5,521
"634","Native",14,44,"disamb","fp","disamb fp",8,0,194,194,-0.5,0.5,194
"636","Native",14,45,"disamb","fp","disamb fp",5,0,287,287,0.5,-0.5,287
"638","Native",14,25,"disamb","fp","disamb fp",5,0,251,251,0.5,-0.5,251
"640","Native",14,48,"disamb","fp","disamb fp",8,0,666,666,-0.5,0.5,666
"642","Native",14,46,"disamb","fp","disamb fp",6,0,245,245,-0.5,-0.5,245
"644","Native",14,33,"disamb","fp","disamb fp",5,0,164,164,0.5,-0.5,164
"646","Native",14,26,"disamb","fp","disamb fp",6,1,0,NA,-0.5,-0.5,NA
"648","Native",14,37,"disamb","fp","disamb fp",5,0,204,204,0.5,-0.5,204
"650","Native",14,38,"disamb","fp","disamb fp",6,0,482,482,-0.5,-0.5,482
"652","Native",14,34,"disamb","fp","disamb fp",6,0,243,243,-0.5,-0.5,243
"654","Native",14,43,"disamb","fp","disamb fp",7,0,356,356,0.5,0.5,356
"656","Native",14,32,"disamb","fp","disamb fp",8,0,171,171,-0.5,0.5,171
"658","Native",14,27,"disamb","fp","disamb fp",7,0,500,500,0.5,0.5,500
"660","Native",14,42,"disamb","fp","disamb fp",6,0,549,549,-0.5,-0.5,549
"662","Native",14,47,"disamb","fp","disamb fp",7,1,0,NA,0.5,0.5,NA
"664","Native",14,41,"disamb","fp","disamb fp",5,0,358,358,0.5,-0.5,358
"666","Native",14,28,"disamb","fp","disamb fp",8,0,206,206,-0.5,0.5,206
"668","Native",14,39,"disamb","fp","disamb fp",7,1,0,NA,0.5,0.5,NA
"670","Native",14,31,"disamb","fp","disamb fp",7,0,159,159,0.5,0.5,159
"672","Native",14,36,"disamb","fp","disamb fp",8,0,178,178,-0.5,0.5,178
"673","Native",15,27,"disamb","fp","disamb fp",8,0,178,178,-0.5,0.5,178
"675","Native",15,33,"disamb","fp","disamb fp",6,0,672,672,-0.5,-0.5,672
"677","Native",15,25,"disamb","fp","disamb fp",6,0,305,305,-0.5,-0.5,305
"679","Native",15,28,"disamb","fp","disamb fp",5,0,217,217,0.5,-0.5,217
"681","Native",15,31,"disamb","fp","disamb fp",8,0,172,172,-0.5,0.5,172
"683","Native",15,43,"disamb","fp","disamb fp",8,0,353,353,-0.5,0.5,353
"685","Native",15,35,"disamb","fp","disamb fp",8,0,161,161,-0.5,0.5,161
"687","Native",15,38,"disamb","fp","disamb fp",7,0,179,179,0.5,0.5,179
"689","Native",15,47,"disamb","fp","disamb fp",8,0,176,176,-0.5,0.5,176
"691","Native",15,34,"disamb","fp","disamb fp",7,0,237,237,0.5,0.5,237
"693","Native",15,42,"disamb","fp","disamb fp",7,0,218,218,0.5,0.5,218
"695","Native",15,39,"disamb","fp","disamb fp",8,0,210,210,-0.5,0.5,210
"697","Native",15,32,"disamb","fp","disamb fp",5,0,150,150,0.5,-0.5,150
"699","Native",15,30,"disamb","fp","disamb fp",7,0,282,282,0.5,0.5,282
"701","Native",15,48,"disamb","fp","disamb fp",5,0,121,121,0.5,-0.5,121
"703","Native",15,45,"disamb","fp","disamb fp",6,0,595,595,-0.5,-0.5,595
"705","Native",15,46,"disamb","fp","disamb fp",7,0,532,532,0.5,0.5,532
"707","Native",15,37,"disamb","fp","disamb fp",6,0,431,431,-0.5,-0.5,431
"709","Native",15,36,"disamb","fp","disamb fp",5,0,151,151,0.5,-0.5,151
"711","Native",15,29,"disamb","fp","disamb fp",6,0,328,328,-0.5,-0.5,328
"713","Native",15,40,"disamb","fp","disamb fp",5,0,371,371,0.5,-0.5,371
"715","Native",15,44,"disamb","fp","disamb fp",5,0,332,332,0.5,-0.5,332
"717","Native",15,41,"disamb","fp","disamb fp",6,0,662,662,-0.5,-0.5,662
"719","Native",15,26,"disamb","fp","disamb fp",7,0,328,328,0.5,0.5,328
"721","Native",16,25,"disamb","fp","disamb fp",7,0,191,191,0.5,0.5,191
"723","Native",16,29,"disamb","fp","disamb fp",7,0,764,764,0.5,0.5,764
"725","Native",16,35,"disamb","fp","disamb fp",5,0,212,212,0.5,-0.5,212
"727","Native",16,32,"disamb","fp","disamb fp",6,0,338,338,-0.5,-0.5,338
"729","Native",16,47,"disamb","fp","disamb fp",5,0,230,230,0.5,-0.5,230
"731","Native",16,37,"disamb","fp","disamb fp",7,0,438,438,0.5,0.5,438
"733","Native",16,43,"disamb","fp","disamb fp",5,0,485,485,0.5,-0.5,485
"735","Native",16,28,"disamb","fp","disamb fp",6,0,142,142,-0.5,-0.5,142
"737","Native",16,39,"disamb","fp","disamb fp",5,0,188,188,0.5,-0.5,188
"739","Native",16,30,"disamb","fp","disamb fp",8,0,644,644,-0.5,0.5,644
"741","Native",16,26,"disamb","fp","disamb fp",8,0,424,424,-0.5,0.5,424
"743","Native",16,27,"disamb","fp","disamb fp",5,0,594,594,0.5,-0.5,594
"745","Native",16,44,"disamb","fp","disamb fp",6,0,301,301,-0.5,-0.5,301
"747","Native",16,42,"disamb","fp","disamb fp",8,0,279,279,-0.5,0.5,279
"749","Native",16,33,"disamb","fp","disamb fp",7,0,360,360,0.5,0.5,360
"751","Native",16,45,"disamb","fp","disamb fp",7,0,186,186,0.5,0.5,186
"753","Native",16,48,"disamb","fp","disamb fp",6,0,187,187,-0.5,-0.5,187
"755","Native",16,46,"disamb","fp","disamb fp",8,0,101,101,-0.5,0.5,101
"757","Native",16,31,"disamb","fp","disamb fp",5,0,409,409,0.5,-0.5,409
"759","Native",16,38,"disamb","fp","disamb fp",8,0,633,633,-0.5,0.5,633
"761","Native",16,40,"disamb","fp","disamb fp",6,0,126,126,-0.5,-0.5,126
"763","Native",16,34,"disamb","fp","disamb fp",8,1,0,NA,-0.5,0.5,NA
"765","Native",16,41,"disamb","fp","disamb fp",7,1,0,NA,0.5,0.5,NA
"767","Native",16,36,"disamb","fp","disamb fp",6,0,150,150,-0.5,-0.5,150
"769","Native",17,35,"disamb","fp","disamb fp",6,0,202,202,-0.5,-0.5,202
"771","Native",17,44,"disamb","fp","disamb fp",7,1,0,NA,0.5,0.5,NA
"773","Native",17,45,"disamb","fp","disamb fp",8,0,129,129,-0.5,0.5,129
"775","Native",17,27,"disamb","fp","disamb fp",6,1,0,NA,-0.5,-0.5,NA
"777","Native",17,32,"disamb","fp","disamb fp",7,0,151,151,0.5,0.5,151
"779","Native",17,31,"disamb","fp","disamb fp",6,1,0,NA,-0.5,-0.5,NA
"781","Native",17,43,"disamb","fp","disamb fp",6,1,0,NA,-0.5,-0.5,NA
"783","Native",17,25,"disamb","fp","disamb fp",8,0,216,216,-0.5,0.5,216
"785","Native",17,38,"disamb","fp","disamb fp",5,0,573,573,0.5,-0.5,573
"787","Native",17,46,"disamb","fp","disamb fp",5,1,0,NA,0.5,-0.5,NA
"789","Native",17,40,"disamb","fp","disamb fp",7,1,0,NA,0.5,0.5,NA
"791","Native",17,37,"disamb","fp","disamb fp",8,1,0,NA,-0.5,0.5,NA
"793","Native",17,41,"disamb","fp","disamb fp",8,0,631,631,-0.5,0.5,631
"795","Native",17,42,"disamb","fp","disamb fp",5,1,0,NA,0.5,-0.5,NA
"797","Native",17,30,"disamb","fp","disamb fp",5,1,0,NA,0.5,-0.5,NA
"799","Native",17,29,"disamb","fp","disamb fp",8,1,0,NA,-0.5,0.5,NA
"801","Native",17,28,"disamb","fp","disamb fp",7,0,496,496,0.5,0.5,496
"803","Native",17,33,"disamb","fp","disamb fp",8,1,0,NA,-0.5,0.5,NA
"805","Native",17,36,"disamb","fp","disamb fp",7,0,126,126,0.5,0.5,126
"807","Native",17,26,"disamb","fp","disamb fp",5,1,0,NA,0.5,-0.5,NA
"809","Native",17,34,"disamb","fp","disamb fp",5,1,0,NA,0.5,-0.5,NA
"811","Native",17,47,"disamb","fp","disamb fp",6,1,0,NA,-0.5,-0.5,NA
"813","Native",17,48,"disamb","fp","disamb fp",7,0,126,126,0.5,0.5,126
"815","Native",17,39,"disamb","fp","disamb fp",6,1,0,NA,-0.5,-0.5,NA
"818","Native",18,36,"disamb","fp","disamb fp",8,0,197,197,-0.5,0.5,197
"820","Native",18,34,"disamb","fp","disamb fp",6,0,155,155,-0.5,-0.5,155
"822","Native",18,28,"disamb","fp","disamb fp",8,0,271,271,-0.5,0.5,271
"824","Native",18,40,"disamb","fp","disamb fp",8,0,150,150,-0.5,0.5,150
"826","Native",18,33,"disamb","fp","disamb fp",5,1,0,NA,0.5,-0.5,NA
"828","Native",18,42,"disamb","fp","disamb fp",6,0,157,157,-0.5,-0.5,157
"830","Native",18,46,"disamb","fp","disamb fp",6,1,0,NA,-0.5,-0.5,NA
"832","Native",18,30,"disamb","fp","disamb fp",6,1,0,NA,-0.5,-0.5,NA
"834","Native",18,27,"disamb","fp","disamb fp",7,0,384,384,0.5,0.5,384
"836","Native",18,47,"disamb","fp","disamb fp",7,1,0,NA,0.5,0.5,NA
"838","Native",18,35,"disamb","fp","disamb fp",7,0,429,429,0.5,0.5,429
"840","Native",18,37,"disamb","fp","disamb fp",5,0,427,427,0.5,-0.5,427
"842","Native",18,25,"disamb","fp","disamb fp",5,1,0,NA,0.5,-0.5,NA
"844","Native",18,44,"disamb","fp","disamb fp",8,0,295,295,-0.5,0.5,295
"846","Native",18,39,"disamb","fp","disamb fp",7,0,150,150,0.5,0.5,150
"848","Native",18,41,"disamb","fp","disamb fp",5,0,304,304,0.5,-0.5,304
"850","Native",18,29,"disamb","fp","disamb fp",5,0,381,381,0.5,-0.5,381
"852","Native",18,32,"disamb","fp","disamb fp",8,0,419,419,-0.5,0.5,419
"854","Native",18,26,"disamb","fp","disamb fp",6,0,307,307,-0.5,-0.5,307
"856","Native",18,31,"disamb","fp","disamb fp",7,0,155,155,0.5,0.5,155
"858","Native",18,43,"disamb","fp","disamb fp",7,0,176,176,0.5,0.5,176
"860","Native",18,45,"disamb","fp","disamb fp",5,0,307,307,0.5,-0.5,307
"862","Native",18,38,"disamb","fp","disamb fp",6,1,0,NA,-0.5,-0.5,NA
"864","Native",18,48,"disamb","fp","disamb fp",8,0,138,138,-0.5,0.5,138
"866","Native",19,26,"disamb","fp","disamb fp",7,0,190,190,0.5,0.5,190
"868","Native",19,27,"disamb","fp","disamb fp",8,0,249,249,-0.5,0.5,249
"870","Native",19,43,"disamb","fp","disamb fp",8,0,184,184,-0.5,0.5,184
"872","Native",19,40,"disamb","fp","disamb fp",5,0,487,487,0.5,-0.5,487
"874","Native",19,48,"disamb","fp","disamb fp",5,0,127,127,0.5,-0.5,127
"876","Native",19,38,"disamb","fp","disamb fp",7,0,181,181,0.5,0.5,181
"878","Native",19,28,"disamb","fp","disamb fp",5,0,344,344,0.5,-0.5,344
"880","Native",19,31,"disamb","fp","disamb fp",8,1,0,NA,-0.5,0.5,NA
"882","Native",19,37,"disamb","fp","disamb fp",6,1,0,NA,-0.5,-0.5,NA
"884","Native",19,30,"disamb","fp","disamb fp",7,1,0,NA,0.5,0.5,NA
"886","Native",19,44,"disamb","fp","disamb fp",5,1,0,NA,0.5,-0.5,NA
"888","Native",19,32,"disamb","fp","disamb fp",5,0,299,299,0.5,-0.5,299
"890","Native",19,42,"disamb","fp","disamb fp",7,0,437,437,0.5,0.5,437
"892","Native",19,46,"disamb","fp","disamb fp",7,0,242,242,0.5,0.5,242
"894","Native",19,34,"disamb","fp","disamb fp",7,0,301,301,0.5,0.5,301
"896","Native",19,39,"disamb","fp","disamb fp",8,1,0,NA,-0.5,0.5,NA
"898","Native",19,36,"disamb","fp","disamb fp",5,1,0,NA,0.5,-0.5,NA
"900","Native",19,35,"disamb","fp","disamb fp",8,0,232,232,-0.5,0.5,232
"902","Native",19,25,"disamb","fp","disamb fp",6,0,207,207,-0.5,-0.5,207
"904","Native",19,45,"disamb","fp","disamb fp",6,0,181,181,-0.5,-0.5,181
"906","Native",19,29,"disamb","fp","disamb fp",6,0,174,174,-0.5,-0.5,174
"908","Native",19,41,"disamb","fp","disamb fp",6,0,303,303,-0.5,-0.5,303
"910","Native",19,33,"disamb","fp","disamb fp",6,0,291,291,-0.5,-0.5,291
"912","Native",19,47,"disamb","fp","disamb fp",8,1,0,NA,-0.5,0.5,NA
"913","Native",20,44,"disamb","fp","disamb fp",6,0,234,234,-0.5,-0.5,234
"915","Native",20,42,"disamb","fp","disamb fp",8,1,0,NA,-0.5,0.5,NA
"917","Native",20,34,"disamb","fp","disamb fp",8,0,257,257,-0.5,0.5,257
"919","Native",20,27,"disamb","fp","disamb fp",5,1,0,NA,0.5,-0.5,NA
"921","Native",20,32,"disamb","fp","disamb fp",6,0,83,83,-0.5,-0.5,83
"923","Native",20,37,"disamb","fp","disamb fp",7,0,97,97,0.5,0.5,97
"925","Native",20,36,"disamb","fp","disamb fp",6,0,132,132,-0.5,-0.5,132
"927","Native",20,40,"disamb","fp","disamb fp",6,0,188,188,-0.5,-0.5,188
"929","Native",20,30,"disamb","fp","disamb fp",8,1,0,NA,-0.5,0.5,NA
"931","Native",20,48,"disamb","fp","disamb fp",6,1,0,NA,-0.5,-0.5,NA
"933","Native",20,45,"disamb","fp","disamb fp",7,0,169,169,0.5,0.5,169
"935","Native",20,28,"disamb","fp","disamb fp",6,0,161,161,-0.5,-0.5,161
"937","Native",20,47,"disamb","fp","disamb fp",5,1,0,NA,0.5,-0.5,NA
"939","Native",20,43,"disamb","fp","disamb fp",5,0,235,235,0.5,-0.5,235
"941","Native",20,33,"disamb","fp","disamb fp",7,0,138,138,0.5,0.5,138
"943","Native",20,41,"disamb","fp","disamb fp",7,0,140,140,0.5,0.5,140
"945","Native",20,46,"disamb","fp","disamb fp",8,0,143,143,-0.5,0.5,143
"947","Native",20,39,"disamb","fp","disamb fp",5,0,207,207,0.5,-0.5,207
"949","Native",20,35,"disamb","fp","disamb fp",5,0,165,165,0.5,-0.5,165
"951","Native",20,31,"disamb","fp","disamb fp",5,0,182,182,0.5,-0.5,182
"953","Native",20,29,"disamb","fp","disamb fp",7,0,122,122,0.5,0.5,122
"955","Native",20,38,"disamb","fp","disamb fp",8,1,0,NA,-0.5,0.5,NA
"957","Native",20,26,"disamb","fp","disamb fp",8,1,0,NA,-0.5,0.5,NA
"959","Native",20,25,"disamb","fp","disamb fp",7,1,0,NA,0.5,0.5,NA
"962","Native",21,47,"disamb","fp","disamb fp",6,0,412,412,-0.5,-0.5,412
"964","Native",21,33,"disamb","fp","disamb fp",8,1,0,NA,-0.5,0.5,NA
"966","Native",21,31,"disamb","fp","disamb fp",6,0,436,436,-0.5,-0.5,436
"968","Native",21,28,"disamb","fp","disamb fp",7,0,178,178,0.5,0.5,178
"970","Native",21,29,"disamb","fp","disamb fp",8,1,0,NA,-0.5,0.5,NA
"972","Native",21,26,"disamb","fp","disamb fp",5,0,286,286,0.5,-0.5,286
"974","Native",21,40,"disamb","fp","disamb fp",7,0,204,204,0.5,0.5,204
"976","Native",21,48,"disamb","fp","disamb fp",7,0,234,234,0.5,0.5,234
"978","Native",21,32,"disamb","fp","disamb fp",7,0,368,368,0.5,0.5,368
"980","Native",21,44,"disamb","fp","disamb fp",7,0,260,260,0.5,0.5,260
"982","Native",21,36,"disamb","fp","disamb fp",7,0,200,200,0.5,0.5,200
"984","Native",21,41,"disamb","fp","disamb fp",8,1,0,NA,-0.5,0.5,NA
"986","Native",21,34,"disamb","fp","disamb fp",5,0,260,260,0.5,-0.5,260
"988","Native",21,38,"disamb","fp","disamb fp",5,0,274,274,0.5,-0.5,274
"990","Native",21,43,"disamb","fp","disamb fp",6,0,574,574,-0.5,-0.5,574
"992","Native",21,25,"disamb","fp","disamb fp",8,1,0,NA,-0.5,0.5,NA
"994","Native",21,37,"disamb","fp","disamb fp",8,0,548,548,-0.5,0.5,548
"996","Native",21,27,"disamb","fp","disamb fp",6,1,0,NA,-0.5,-0.5,NA
"998","Native",21,46,"disamb","fp","disamb fp",5,0,334,334,0.5,-0.5,334
"1000","Native",21,42,"disamb","fp","disamb fp",5,0,406,406,0.5,-0.5,406
"1002","Native",21,45,"disamb","fp","disamb fp",8,0,264,264,-0.5,0.5,264
"1004","Native",21,35,"disamb","fp","disamb fp",6,1,0,NA,-0.5,-0.5,NA
"1006","Native",21,39,"disamb","fp","disamb fp",6,1,0,NA,-0.5,-0.5,NA
"1008","Native",21,30,"disamb","fp","disamb fp",5,1,0,NA,0.5,-0.5,NA
"1010","Native",22,43,"disamb","fp","disamb fp",7,0,214,214,0.5,0.5,214
"1012","Native",22,39,"disamb","fp","disamb fp",7,0,434,434,0.5,0.5,434
"1014","Native",22,46,"disamb","fp","disamb fp",6,0,108,108,-0.5,-0.5,108
"1016","Native",22,48,"disamb","fp","disamb fp",8,1,0,NA,-0.5,0.5,NA
"1018","Native",22,40,"disamb","fp","disamb fp",8,0,348,348,-0.5,0.5,348
"1020","Native",22,42,"disamb","fp","disamb fp",6,0,160,160,-0.5,-0.5,160
"1022","Native",22,25,"disamb","fp","disamb fp",5,0,251,251,0.5,-0.5,251
"1024","Native",22,35,"disamb","fp","disamb fp",7,0,175,175,0.5,0.5,175
"1026","Native",22,29,"disamb","fp","disamb fp",5,0,379,379,0.5,-0.5,379
"1028","Native",22,37,"disamb","fp","disamb fp",5,0,198,198,0.5,-0.5,198
"1030","Native",22,45,"disamb","fp","disamb fp",5,0,267,267,0.5,-0.5,267
"1032","Native",22,41,"disamb","fp","disamb fp",5,0,268,268,0.5,-0.5,268
"1034","Native",22,26,"disamb","fp","disamb fp",6,0,254,254,-0.5,-0.5,254
"1036","Native",22,32,"disamb","fp","disamb fp",8,0,288,288,-0.5,0.5,288
"1038","Native",22,47,"disamb","fp","disamb fp",7,0,142,142,0.5,0.5,142
"1040","Native",22,27,"disamb","fp","disamb fp",7,0,474,474,0.5,0.5,474
"1042","Native",22,44,"disamb","fp","disamb fp",8,0,272,272,-0.5,0.5,272
"1044","Native",22,28,"disamb","fp","disamb fp",8,0,103,103,-0.5,0.5,103
"1046","Native",22,30,"disamb","fp","disamb fp",6,0,254,254,-0.5,-0.5,254
"1048","Native",22,34,"disamb","fp","disamb fp",6,0,472,472,-0.5,-0.5,472
"1050","Native",22,36,"disamb","fp","disamb fp",8,0,267,267,-0.5,0.5,267
"1052","Native",22,31,"disamb","fp","disamb fp",7,0,383,383,0.5,0.5,383
"1054","Native",22,33,"disamb","fp","disamb fp",5,0,760,760,0.5,-0.5,760
"1056","Native",22,38,"disamb","fp","disamb fp",6,0,199,199,-0.5,-0.5,199
"1058","Native",23,35,"disamb","fp","disamb fp",5,0,219,219,0.5,-0.5,219
"1060","Native",23,42,"disamb","fp","disamb fp",8,0,298,298,-0.5,0.5,298
"1062","Native",23,33,"disamb","fp","disamb fp",7,0,422,422,0.5,0.5,422
"1064","Native",23,32,"disamb","fp","disamb fp",6,0,248,248,-0.5,-0.5,248
"1066","Native",23,29,"disamb","fp","disamb fp",7,0,169,169,0.5,0.5,169
"1068","Native",23,30,"disamb","fp","disamb fp",8,0,370,370,-0.5,0.5,370
"1070","Native",23,26,"disamb","fp","disamb fp",8,0,322,322,-0.5,0.5,322
"1072","Native",23,38,"disamb","fp","disamb fp",8,0,110,110,-0.5,0.5,110
"1074","Native",23,34,"disamb","fp","disamb fp",8,0,151,151,-0.5,0.5,151
"1076","Native",23,31,"disamb","fp","disamb fp",5,0,379,379,0.5,-0.5,379
"1078","Native",23,41,"disamb","fp","disamb fp",7,0,122,122,0.5,0.5,122
"1080","Native",23,47,"disamb","fp","disamb fp",5,0,657,657,0.5,-0.5,657
"1082","Native",23,28,"disamb","fp","disamb fp",6,0,307,307,-0.5,-0.5,307
"1084","Native",23,25,"disamb","fp","disamb fp",7,0,182,182,0.5,0.5,182
"1086","Native",23,46,"disamb","fp","disamb fp",8,0,191,191,-0.5,0.5,191
"1088","Native",23,43,"disamb","fp","disamb fp",5,0,143,143,0.5,-0.5,143
"1090","Native",23,39,"disamb","fp","disamb fp",5,0,214,214,0.5,-0.5,214
"1092","Native",23,27,"disamb","fp","disamb fp",5,0,126,126,0.5,-0.5,126
"1094","Native",23,44,"disamb","fp","disamb fp",6,0,427,427,-0.5,-0.5,427
"1096","Native",23,40,"disamb","fp","disamb fp",6,0,156,156,-0.5,-0.5,156
"1098","Native",23,48,"disamb","fp","disamb fp",6,0,133,133,-0.5,-0.5,133
"1100","Native",23,36,"disamb","fp","disamb fp",6,0,171,171,-0.5,-0.5,171
"1102","Native",23,45,"disamb","fp","disamb fp",7,0,171,171,0.5,0.5,171
"1104","Native",23,37,"disamb","fp","disamb fp",7,0,227,227,0.5,0.5,227
"1106","Native",24,42,"disamb","fp","disamb fp",7,0,747,747,0.5,0.5,747
"1108","Native",24,43,"disamb","fp","disamb fp",8,0,331,331,-0.5,0.5,331
"1110","Native",24,33,"disamb","fp","disamb fp",6,0,486,486,-0.5,-0.5,486
"1112","Native",24,41,"disamb","fp","disamb fp",6,0,471,471,-0.5,-0.5,471
"1114","Native",24,45,"disamb","fp","disamb fp",6,0,242,242,-0.5,-0.5,242
"1116","Native",24,44,"disamb","fp","disamb fp",5,0,378,378,0.5,-0.5,378
"1118","Native",24,47,"disamb","fp","disamb fp",8,0,406,406,-0.5,0.5,406
"1120","Native",24,38,"disamb","fp","disamb fp",7,0,526,526,0.5,0.5,526
"1122","Native",24,28,"disamb","fp","disamb fp",5,0,513,513,0.5,-0.5,513
"1124","Native",24,27,"disamb","fp","disamb fp",8,0,475,475,-0.5,0.5,475
"1126","Native",24,31,"disamb","fp","disamb fp",8,0,250,250,-0.5,0.5,250
"1128","Native",24,32,"disamb","fp","disamb fp",5,0,353,353,0.5,-0.5,353
"1130","Native",24,30,"disamb","fp","disamb fp",7,0,480,480,0.5,0.5,480
"1132","Native",24,46,"disamb","fp","disamb fp",7,0,267,267,0.5,0.5,267
"1134","Native",24,35,"disamb","fp","disamb fp",8,0,496,496,-0.5,0.5,496
"1136","Native",24,37,"disamb","fp","disamb fp",6,0,405,405,-0.5,-0.5,405
"1138","Native",24,25,"disamb","fp","disamb fp",6,0,349,349,-0.5,-0.5,349
"1140","Native",24,29,"disamb","fp","disamb fp",6,0,247,247,-0.5,-0.5,247
"1142","Native",24,34,"disamb","fp","disamb fp",7,0,625,625,0.5,0.5,625
"1144","Native",24,40,"disamb","fp","disamb fp",5,0,516,516,0.5,-0.5,516
"1146","Native",24,39,"disamb","fp","disamb fp",8,0,220,220,-0.5,0.5,220
"1148","Native",24,36,"disamb","fp","disamb fp",5,0,658,658,0.5,-0.5,658
"1150","Native",24,48,"disamb","fp","disamb fp",5,0,532,532,0.5,-0.5,532
"1152","Native",24,26,"disamb","fp","disamb fp",7,0,614,614,0.5,0.5,614
"1154","Native",25,48,"disamb","fp","disamb fp",6,1,0,NA,-0.5,-0.5,NA
"1156","Native",25,28,"disamb","fp","disamb fp",6,0,390,390,-0.5,-0.5,390
"1158","Native",25,46,"disamb","fp","disamb fp",8,1,0,NA,-0.5,0.5,NA
"1160","Native",25,27,"disamb","fp","disamb fp",5,0,316,316,0.5,-0.5,316
"1162","Native",25,25,"disamb","fp","disamb fp",7,0,205,205,0.5,0.5,205
"1164","Native",25,43,"disamb","fp","disamb fp",5,0,211,211,0.5,-0.5,211
"1166","Native",25,34,"disamb","fp","disamb fp",8,0,259,259,-0.5,0.5,259
"1168","Native",25,36,"disamb","fp","disamb fp",6,0,270,270,-0.5,-0.5,270
"1170","Native",25,31,"disamb","fp","disamb fp",5,0,131,131,0.5,-0.5,131
"1172","Native",25,37,"disamb","fp","disamb fp",7,0,257,257,0.5,0.5,257
"1174","Native",25,30,"disamb","fp","disamb fp",8,0,809,809,-0.5,0.5,809
"1176","Native",25,45,"disamb","fp","disamb fp",7,0,239,239,0.5,0.5,239
"1178","Native",25,38,"disamb","fp","disamb fp",8,1,0,NA,-0.5,0.5,NA
"1180","Native",25,40,"disamb","fp","disamb fp",6,0,134,134,-0.5,-0.5,134
"1182","Native",25,32,"disamb","fp","disamb fp",6,0,186,186,-0.5,-0.5,186
"1184","Native",25,47,"disamb","fp","disamb fp",5,0,434,434,0.5,-0.5,434
"1186","Native",25,41,"disamb","fp","disamb fp",7,1,0,NA,0.5,0.5,NA
"1188","Native",25,33,"disamb","fp","disamb fp",7,0,478,478,0.5,0.5,478
"1190","Native",25,26,"disamb","fp","disamb fp",8,0,309,309,-0.5,0.5,309
"1192","Native",25,35,"disamb","fp","disamb fp",5,0,189,189,0.5,-0.5,189
"1194","Native",25,42,"disamb","fp","disamb fp",8,0,263,263,-0.5,0.5,263
"1196","Native",25,44,"disamb","fp","disamb fp",6,0,468,468,-0.5,-0.5,468
"1198","Native",25,29,"disamb","fp","disamb fp",7,0,301,301,0.5,0.5,301
"1200","Native",25,39,"disamb","fp","disamb fp",5,0,152,152,0.5,-0.5,152
"1201","Native",26,27,"disamb","fp","disamb fp",6,0,469,469,-0.5,-0.5,469
"1203","Native",26,33,"disamb","fp","disamb fp",8,1,0,NA,-0.5,0.5,NA
"1205","Native",26,30,"disamb","fp","disamb fp",5,1,0,NA,0.5,-0.5,NA
"1207","Native",26,42,"disamb","fp","disamb fp",5,0,540,540,0.5,-0.5,540
"1209","Native",26,46,"disamb","fp","disamb fp",5,1,0,NA,0.5,-0.5,NA
"1211","Native",26,29,"disamb","fp","disamb fp",8,0,342,342,-0.5,0.5,342
"1213","Native",26,28,"disamb","fp","disamb fp",7,0,257,257,0.5,0.5,257
"1215","Native",26,31,"disamb","fp","disamb fp",6,0,372,372,-0.5,-0.5,372
"1217","Native",26,34,"disamb","fp","disamb fp",5,0,178,178,0.5,-0.5,178
"1219","Native",26,43,"disamb","fp","disamb fp",6,0,308,308,-0.5,-0.5,308
"1221","Native",26,26,"disamb","fp","disamb fp",5,0,556,556,0.5,-0.5,556
"1223","Native",26,40,"disamb","fp","disamb fp",7,1,0,NA,0.5,0.5,NA
"1225","Native",26,32,"disamb","fp","disamb fp",7,0,362,362,0.5,0.5,362
"1227","Native",26,35,"disamb","fp","disamb fp",6,0,217,217,-0.5,-0.5,217
"1229","Native",26,39,"disamb","fp","disamb fp",6,0,350,350,-0.5,-0.5,350
"1231","Native",26,45,"disamb","fp","disamb fp",8,0,389,389,-0.5,0.5,389
"1233","Native",26,37,"disamb","fp","disamb fp",8,0,180,180,-0.5,0.5,180
"1235","Native",26,36,"disamb","fp","disamb fp",7,0,228,228,0.5,0.5,228
"1237","Native",26,47,"disamb","fp","disamb fp",6,0,349,349,-0.5,-0.5,349
"1239","Native",26,25,"disamb","fp","disamb fp",8,0,248,248,-0.5,0.5,248
"1241","Native",26,38,"disamb","fp","disamb fp",5,0,566,566,0.5,-0.5,566
"1243","Native",26,44,"disamb","fp","disamb fp",7,0,807,807,0.5,0.5,807
"1245","Native",26,41,"disamb","fp","disamb fp",8,0,158,158,-0.5,0.5,158
"1247","Native",26,48,"disamb","fp","disamb fp",7,0,220,220,0.5,0.5,220
"1249","Native",27,34,"disamb","fp","disamb fp",6,0,132,132,-0.5,-0.5,132
"1251","Native",27,28,"disamb","fp","disamb fp",8,0,203,203,-0.5,0.5,203
"1253","Native",27,36,"disamb","fp","disamb fp",8,0,226,226,-0.5,0.5,226
"1255","Native",27,25,"disamb","fp","disamb fp",5,0,152,152,0.5,-0.5,152
"1257","Native",27,40,"disamb","fp","disamb fp",8,0,239,239,-0.5,0.5,239
"1259","Native",27,33,"disamb","fp","disamb fp",5,0,516,516,0.5,-0.5,516
"1261","Native",27,37,"disamb","fp","disamb fp",5,0,194,194,0.5,-0.5,194
"1263","Native",27,48,"disamb","fp","disamb fp",8,0,270,270,-0.5,0.5,270
"1265","Native",27,31,"disamb","fp","disamb fp",7,0,214,214,0.5,0.5,214
"1267","Native",27,35,"disamb","fp","disamb fp",7,0,147,147,0.5,0.5,147
"1269","Native",27,32,"disamb","fp","disamb fp",8,0,400,400,-0.5,0.5,400
"1271","Native",27,47,"disamb","fp","disamb fp",7,0,246,246,0.5,0.5,246
"1273","Native",27,27,"disamb","fp","disamb fp",7,0,406,406,0.5,0.5,406
"1275","Native",27,30,"disamb","fp","disamb fp",6,0,200,200,-0.5,-0.5,200
"1277","Native",27,45,"disamb","fp","disamb fp",5,0,304,304,0.5,-0.5,304
"1279","Native",27,43,"disamb","fp","disamb fp",7,0,310,310,0.5,0.5,310
"1281","Native",27,46,"disamb","fp","disamb fp",6,0,137,137,-0.5,-0.5,137
"1283","Native",27,42,"disamb","fp","disamb fp",6,0,471,471,-0.5,-0.5,471
"1285","Native",27,39,"disamb","fp","disamb fp",7,0,392,392,0.5,0.5,392
"1287","Native",27,29,"disamb","fp","disamb fp",5,0,221,221,0.5,-0.5,221
"1289","Native",27,38,"disamb","fp","disamb fp",6,0,306,306,-0.5,-0.5,306
"1291","Native",27,44,"disamb","fp","disamb fp",8,0,193,193,-0.5,0.5,193
"1293","Native",27,41,"disamb","fp","disamb fp",5,0,441,441,0.5,-0.5,441
"1295","Native",27,26,"disamb","fp","disamb fp",6,0,256,256,-0.5,-0.5,256
"1297","Native",28,39,"disamb","fp","disamb fp",8,0,216,216,-0.5,0.5,216
"1299","Native",28,37,"disamb","fp","disamb fp",6,0,158,158,-0.5,-0.5,158
"1301","Native",28,25,"disamb","fp","disamb fp",6,0,238,238,-0.5,-0.5,238
"1303","Native",28,28,"disamb","fp","disamb fp",5,0,134,134,0.5,-0.5,134
"1305","Native",28,36,"disamb","fp","disamb fp",5,0,318,318,0.5,-0.5,318
"1307","Native",28,42,"disamb","fp","disamb fp",7,0,190,190,0.5,0.5,190
"1309","Native",28,30,"disamb","fp","disamb fp",7,0,214,214,0.5,0.5,214
"1311","Native",28,41,"disamb","fp","disamb fp",6,0,346,346,-0.5,-0.5,346
"1313","Native",28,32,"disamb","fp","disamb fp",5,0,202,202,0.5,-0.5,202
"1315","Native",28,35,"disamb","fp","disamb fp",8,0,210,210,-0.5,0.5,210
"1317","Native",28,46,"disamb","fp","disamb fp",7,1,0,NA,0.5,0.5,NA
"1319","Native",28,40,"disamb","fp","disamb fp",5,0,124,124,0.5,-0.5,124
"1321","Native",28,31,"disamb","fp","disamb fp",8,0,210,210,-0.5,0.5,210
"1323","Native",28,48,"disamb","fp","disamb fp",5,1,0,NA,0.5,-0.5,NA
"1325","Native",28,34,"disamb","fp","disamb fp",7,0,196,196,0.5,0.5,196
"1327","Native",28,44,"disamb","fp","disamb fp",5,0,134,134,0.5,-0.5,134
"1329","Native",28,38,"disamb","fp","disamb fp",7,0,730,730,0.5,0.5,NA
"1331","Native",28,45,"disamb","fp","disamb fp",6,0,190,190,-0.5,-0.5,190
"1333","Native",28,43,"disamb","fp","disamb fp",8,0,370,370,-0.5,0.5,370
"1335","Native",28,29,"disamb","fp","disamb fp",6,0,254,254,-0.5,-0.5,254
"1337","Native",28,27,"disamb","fp","disamb fp",8,0,254,254,-0.5,0.5,254
"1339","Native",28,26,"disamb","fp","disamb fp",7,0,286,286,0.5,0.5,286
"1341","Native",28,47,"disamb","fp","disamb fp",8,0,408,408,-0.5,0.5,408
"1343","Native",28,33,"disamb","fp","disamb fp",6,0,154,154,-0.5,-0.5,154
"1346","Native",29,40,"disamb","fp","disamb fp",6,0,160,160,-0.5,-0.5,160
"1348","Native",29,34,"disamb","fp","disamb fp",8,0,886,886,-0.5,0.5,886
"1350","Native",29,28,"disamb","fp","disamb fp",6,0,290,290,-0.5,-0.5,290
"1352","Native",29,32,"disamb","fp","disamb fp",6,0,272,272,-0.5,-0.5,272
"1354","Native",29,26,"disamb","fp","disamb fp",8,0,400,400,-0.5,0.5,400
"1356","Native",29,33,"disamb","fp","disamb fp",7,0,208,208,0.5,0.5,208
"1358","Native",29,30,"disamb","fp","disamb fp",8,0,240,240,-0.5,0.5,240
"1360","Native",29,44,"disamb","fp","disamb fp",6,0,440,440,-0.5,-0.5,440
"1362","Native",29,43,"disamb","fp","disamb fp",5,0,536,536,0.5,-0.5,536
"1364","Native",29,37,"disamb","fp","disamb fp",7,0,356,356,0.5,0.5,356
"1366","Native",29,25,"disamb","fp","disamb fp",7,0,250,250,0.5,0.5,250
"1368","Native",29,45,"disamb","fp","disamb fp",7,0,308,308,0.5,0.5,308
"1370","Native",29,29,"disamb","fp","disamb fp",7,0,580,580,0.5,0.5,580
"1372","Native",29,31,"disamb","fp","disamb fp",5,0,202,202,0.5,-0.5,202
"1374","Native",29,36,"disamb","fp","disamb fp",6,0,248,248,-0.5,-0.5,248
"1376","Native",29,38,"disamb","fp","disamb fp",8,0,228,228,-0.5,0.5,228
"1378","Native",29,46,"disamb","fp","disamb fp",8,0,296,296,-0.5,0.5,296
"1380","Native",29,39,"disamb","fp","disamb fp",5,0,236,236,0.5,-0.5,236
"1382","Native",29,35,"disamb","fp","disamb fp",5,0,416,416,0.5,-0.5,416
"1384","Native",29,41,"disamb","fp","disamb fp",7,0,1132,1132,0.5,0.5,1132
"1386","Native",29,48,"disamb","fp","disamb fp",6,1,0,NA,-0.5,-0.5,NA
"1388","Native",29,27,"disamb","fp","disamb fp",5,0,316,316,0.5,-0.5,316
"1390","Native",29,42,"disamb","fp","disamb fp",8,0,662,662,-0.5,0.5,662
"1392","Native",29,47,"disamb","fp","disamb fp",5,0,606,606,0.5,-0.5,606
"1394","Native",30,25,"disamb","fp","disamb fp",8,0,144,144,-0.5,0.5,144
"1396","Native",30,40,"disamb","fp","disamb fp",7,0,252,252,0.5,0.5,252
"1398","Native",30,48,"disamb","fp","disamb fp",7,0,138,138,0.5,0.5,138
"1400","Native",30,28,"disamb","fp","disamb fp",7,0,370,370,0.5,0.5,370
"1402","Native",30,30,"disamb","fp","disamb fp",5,0,158,158,0.5,-0.5,158
"1404","Native",30,41,"disamb","fp","disamb fp",8,0,142,142,-0.5,0.5,142
"1406","Native",30,31,"disamb","fp","disamb fp",6,1,0,NA,-0.5,-0.5,NA
"1408","Native",30,46,"disamb","fp","disamb fp",5,1,0,NA,0.5,-0.5,NA
"1410","Native",30,27,"disamb","fp","disamb fp",6,0,302,302,-0.5,-0.5,302
"1412","Native",30,43,"disamb","fp","disamb fp",6,0,140,140,-0.5,-0.5,140
"1414","Native",30,37,"disamb","fp","disamb fp",8,0,116,116,-0.5,0.5,116
"1416","Native",30,36,"disamb","fp","disamb fp",7,0,380,380,0.5,0.5,380
"1418","Native",30,42,"disamb","fp","disamb fp",5,0,236,236,0.5,-0.5,236
"1420","Native",30,47,"disamb","fp","disamb fp",6,0,422,422,-0.5,-0.5,422
"1422","Native",30,35,"disamb","fp","disamb fp",6,0,148,148,-0.5,-0.5,148
"1424","Native",30,34,"disamb","fp","disamb fp",5,0,152,152,0.5,-0.5,152
"1426","Native",30,44,"disamb","fp","disamb fp",7,0,312,312,0.5,0.5,312
"1428","Native",30,38,"disamb","fp","disamb fp",5,0,162,162,0.5,-0.5,162
"1430","Native",30,45,"disamb","fp","disamb fp",8,0,158,158,-0.5,0.5,158
"1432","Native",30,32,"disamb","fp","disamb fp",7,0,568,568,0.5,0.5,568
"1434","Native",30,29,"disamb","fp","disamb fp",8,0,154,154,-0.5,0.5,154
"1436","Native",30,26,"disamb","fp","disamb fp",5,0,392,392,0.5,-0.5,392
"1438","Native",30,33,"disamb","fp","disamb fp",8,0,128,128,-0.5,0.5,128
"1440","Native",30,39,"disamb","fp","disamb fp",6,0,200,200,-0.5,-0.5,200
"1441","Native",31,32,"disamb","fp","disamb fp",8,0,186,186,-0.5,0.5,186
"1443","Native",31,40,"disamb","fp","disamb fp",8,1,0,NA,-0.5,0.5,NA
"1445","Native",31,47,"disamb","fp","disamb fp",7,0,186,186,0.5,0.5,186
"1447","Native",31,42,"disamb","fp","disamb fp",6,0,984,984,-0.5,-0.5,NA
"1449","Native",31,29,"disamb","fp","disamb fp",5,1,0,NA,0.5,-0.5,NA
"1451","Native",31,38,"disamb","fp","disamb fp",6,0,180,180,-0.5,-0.5,180
"1453","Native",31,41,"disamb","fp","disamb fp",5,0,186,186,0.5,-0.5,186
"1455","Native",31,37,"disamb","fp","disamb fp",5,0,290,290,0.5,-0.5,290
"1457","Native",31,44,"disamb","fp","disamb fp",8,0,270,270,-0.5,0.5,270
"1459","Native",31,35,"disamb","fp","disamb fp",7,0,182,182,0.5,0.5,182
"1461","Native",31,30,"disamb","fp","disamb fp",6,1,0,NA,-0.5,-0.5,NA
"1463","Native",31,33,"disamb","fp","disamb fp",5,0,172,172,0.5,-0.5,172
"1465","Native",31,45,"disamb","fp","disamb fp",5,0,224,224,0.5,-0.5,224
"1467","Native",31,26,"disamb","fp","disamb fp",6,0,220,220,-0.5,-0.5,220
"1469","Native",31,25,"disamb","fp","disamb fp",5,0,214,214,0.5,-0.5,214
"1471","Native",31,28,"disamb","fp","disamb fp",8,0,398,398,-0.5,0.5,398
"1473","Native",31,46,"disamb","fp","disamb fp",6,1,0,NA,-0.5,-0.5,NA
"1475","Native",31,31,"disamb","fp","disamb fp",7,0,216,216,0.5,0.5,216
"1477","Native",31,36,"disamb","fp","disamb fp",8,0,184,184,-0.5,0.5,184
"1479","Native",31,27,"disamb","fp","disamb fp",7,0,172,172,0.5,0.5,172
"1481","Native",31,48,"disamb","fp","disamb fp",8,0,176,176,-0.5,0.5,176
"1483","Native",31,43,"disamb","fp","disamb fp",7,0,274,274,0.5,0.5,274
"1485","Native",31,34,"disamb","fp","disamb fp",6,0,182,182,-0.5,-0.5,182
"1487","Native",31,39,"disamb","fp","disamb fp",7,0,218,218,0.5,0.5,218
"1490","Native",32,47,"disamb","fp","disamb fp",8,1,0,NA,-0.5,0.5,NA
"1492","Native",32,35,"disamb","fp","disamb fp",8,1,0,NA,-0.5,0.5,NA
"1494","Native",32,31,"disamb","fp","disamb fp",8,0,158,158,-0.5,0.5,158
"1496","Native",32,48,"disamb","fp","disamb fp",5,1,0,NA,0.5,-0.5,NA
"1498","Native",32,26,"disamb","fp","disamb fp",7,1,0,NA,0.5,0.5,NA
"1500","Native",32,33,"disamb","fp","disamb fp",6,0,184,184,-0.5,-0.5,184
"1502","Native",32,43,"disamb","fp","disamb fp",8,1,0,NA,-0.5,0.5,NA
"1504","Native",32,30,"disamb","fp","disamb fp",7,1,0,NA,0.5,0.5,NA
"1506","Native",32,36,"disamb","fp","disamb fp",5,1,0,NA,0.5,-0.5,NA
"1508","Native",32,44,"disamb","fp","disamb fp",5,0,330,330,0.5,-0.5,330
"1510","Native",32,34,"disamb","fp","disamb fp",7,0,164,164,0.5,0.5,164
"1512","Native",32,42,"disamb","fp","disamb fp",7,0,268,268,0.5,0.5,268
"1514","Native",32,37,"disamb","fp","disamb fp",6,1,0,NA,-0.5,-0.5,NA
"1516","Native",32,29,"disamb","fp","disamb fp",6,1,0,NA,-0.5,-0.5,NA
"1518","Native",32,41,"disamb","fp","disamb fp",6,0,112,112,-0.5,-0.5,112
"1520","Native",32,32,"disamb","fp","disamb fp",5,1,0,NA,0.5,-0.5,NA
"1522","Native",32,27,"disamb","fp","disamb fp",8,0,166,166,-0.5,0.5,166
"1524","Native",32,46,"disamb","fp","disamb fp",7,0,136,136,0.5,0.5,136
"1526","Native",32,38,"disamb","fp","disamb fp",7,1,0,NA,0.5,0.5,NA
"1528","Native",32,28,"disamb","fp","disamb fp",5,0,140,140,0.5,-0.5,140
"1530","Native",32,25,"disamb","fp","disamb fp",6,1,0,NA,-0.5,-0.5,NA
"1532","Native",32,45,"disamb","fp","disamb fp",6,1,0,NA,-0.5,-0.5,NA
"1534","Native",32,39,"disamb","fp","disamb fp",8,0,194,194,-0.5,0.5,194
"1536","Native",32,40,"disamb","fp","disamb fp",5,1,0,NA,0.5,-0.5,NA
"1538","Native",33,42,"disamb","fp","disamb fp",8,0,430,430,-0.5,0.5,430
"1540","Native",33,25,"disamb","fp","disamb fp",7,0,324,324,0.5,0.5,324
"1542","Native",33,37,"disamb","fp","disamb fp",7,0,810,810,0.5,0.5,810
"1544","Native",33,41,"disamb","fp","disamb fp",7,0,510,510,0.5,0.5,510
"1546","Native",33,40,"disamb","fp","disamb fp",6,0,258,258,-0.5,-0.5,258
"1548","Native",33,31,"disamb","fp","disamb fp",5,0,464,464,0.5,-0.5,464
"1550","Native",33,30,"disamb","fp","disamb fp",8,0,176,176,-0.5,0.5,176
"1552","Native",33,35,"disamb","fp","disamb fp",5,0,386,386,0.5,-0.5,386
"1554","Native",33,27,"disamb","fp","disamb fp",5,0,504,504,0.5,-0.5,504
"1556","Native",33,39,"disamb","fp","disamb fp",5,0,272,272,0.5,-0.5,272
"1558","Native",33,47,"disamb","fp","disamb fp",5,0,268,268,0.5,-0.5,268
"1560","Native",33,43,"disamb","fp","disamb fp",5,0,342,342,0.5,-0.5,342
"1562","Native",33,28,"disamb","fp","disamb fp",6,0,228,228,-0.5,-0.5,228
"1564","Native",33,46,"disamb","fp","disamb fp",8,0,308,308,-0.5,0.5,308
"1566","Native",33,38,"disamb","fp","disamb fp",8,0,216,216,-0.5,0.5,216
"1568","Native",33,44,"disamb","fp","disamb fp",6,0,576,576,-0.5,-0.5,576
"1570","Native",33,33,"disamb","fp","disamb fp",7,0,156,156,0.5,0.5,156
"1572","Native",33,48,"disamb","fp","disamb fp",6,1,0,NA,-0.5,-0.5,NA
"1574","Native",33,34,"disamb","fp","disamb fp",8,0,234,234,-0.5,0.5,234
"1576","Native",33,36,"disamb","fp","disamb fp",6,0,342,342,-0.5,-0.5,342
"1578","Native",33,45,"disamb","fp","disamb fp",7,0,262,262,0.5,0.5,262
"1580","Native",33,32,"disamb","fp","disamb fp",6,0,362,362,-0.5,-0.5,362
"1582","Native",33,26,"disamb","fp","disamb fp",8,0,250,250,-0.5,0.5,250
"1584","Native",33,29,"disamb","fp","disamb fp",7,0,378,378,0.5,0.5,378
"1585","Native",34,40,"disamb","fp","disamb fp",7,0,773,773,0.5,0.5,773
"1587","Native",34,29,"disamb","fp","disamb fp",8,0,479,479,-0.5,0.5,479
"1589","Native",34,45,"disamb","fp","disamb fp",8,0,542,542,-0.5,0.5,542
"1591","Native",34,32,"disamb","fp","disamb fp",7,0,437,437,0.5,0.5,437
"1593","Native",34,28,"disamb","fp","disamb fp",7,0,1175,1175,0.5,0.5,1175
"1595","Native",34,44,"disamb","fp","disamb fp",7,0,507,507,0.5,0.5,507
"1597","Native",34,39,"disamb","fp","disamb fp",6,0,1181,1181,-0.5,-0.5,1181
"1599","Native",34,43,"disamb","fp","disamb fp",6,0,378,378,-0.5,-0.5,378
"1601","Native",34,25,"disamb","fp","disamb fp",8,0,156,156,-0.5,0.5,156
"1603","Native",34,31,"disamb","fp","disamb fp",6,0,475,475,-0.5,-0.5,475
"1605","Native",34,26,"disamb","fp","disamb fp",5,0,376,376,0.5,-0.5,376
"1607","Native",34,30,"disamb","fp","disamb fp",5,0,361,361,0.5,-0.5,361
"1609","Native",34,48,"disamb","fp","disamb fp",7,0,454,454,0.5,0.5,454
"1611","Native",34,41,"disamb","fp","disamb fp",8,0,1708,1708,-0.5,0.5,1708
"1613","Native",34,27,"disamb","fp","disamb fp",6,0,273,273,-0.5,-0.5,273
"1615","Native",34,34,"disamb","fp","disamb fp",5,0,204,204,0.5,-0.5,204
"1617","Native",34,35,"disamb","fp","disamb fp",6,0,655,655,-0.5,-0.5,655
"1619","Native",34,37,"disamb","fp","disamb fp",8,0,744,744,-0.5,0.5,744
"1621","Native",34,46,"disamb","fp","disamb fp",5,0,220,220,0.5,-0.5,220
"1623","Native",34,36,"disamb","fp","disamb fp",7,0,232,232,0.5,0.5,232
"1625","Native",34,33,"disamb","fp","disamb fp",8,0,248,248,-0.5,0.5,248
"1627","Native",34,42,"disamb","fp","disamb fp",5,0,239,239,0.5,-0.5,239
"1629","Native",34,38,"disamb","fp","disamb fp",5,0,190,190,0.5,-0.5,190
"1631","Native",34,47,"disamb","fp","disamb fp",6,0,314,314,-0.5,-0.5,314
"1634","Native",35,38,"disamb","fp","disamb fp",5,0,442,442,0.5,-0.5,442
"1636","Native",35,48,"disamb","fp","disamb fp",7,0,406,406,0.5,0.5,406
"1638","Native",35,47,"disamb","fp","disamb fp",6,0,508,508,-0.5,-0.5,508
"1640","Native",35,32,"disamb","fp","disamb fp",7,0,390,390,0.5,0.5,390
"1642","Native",35,42,"disamb","fp","disamb fp",5,0,350,350,0.5,-0.5,350
"1644","Native",35,31,"disamb","fp","disamb fp",6,0,258,258,-0.5,-0.5,258
"1646","Native",35,40,"disamb","fp","disamb fp",7,0,380,380,0.5,0.5,380
"1648","Native",35,33,"disamb","fp","disamb fp",8,0,198,198,-0.5,0.5,198
"1650","Native",35,29,"disamb","fp","disamb fp",8,0,406,406,-0.5,0.5,406
"1652","Native",35,41,"disamb","fp","disamb fp",8,0,484,484,-0.5,0.5,484
"1654","Native",35,46,"disamb","fp","disamb fp",5,0,362,362,0.5,-0.5,362
"1656","Native",35,45,"disamb","fp","disamb fp",8,0,488,488,-0.5,0.5,488
"1658","Native",35,39,"disamb","fp","disamb fp",6,0,198,198,-0.5,-0.5,198
"1660","Native",35,28,"disamb","fp","disamb fp",7,0,280,280,0.5,0.5,280
"1662","Native",35,44,"disamb","fp","disamb fp",7,0,166,166,0.5,0.5,166
"1664","Native",35,37,"disamb","fp","disamb fp",8,0,232,232,-0.5,0.5,232
"1666","Native",35,25,"disamb","fp","disamb fp",8,0,354,354,-0.5,0.5,354
"1668","Native",35,27,"disamb","fp","disamb fp",6,0,310,310,-0.5,-0.5,310
"1670","Native",35,36,"disamb","fp","disamb fp",7,0,382,382,0.5,0.5,382
"1672","Native",35,34,"disamb","fp","disamb fp",5,0,214,214,0.5,-0.5,214
"1674","Native",35,43,"disamb","fp","disamb fp",6,0,234,234,-0.5,-0.5,234
"1676","Native",35,26,"disamb","fp","disamb fp",5,0,440,440,0.5,-0.5,440
"1678","Native",35,30,"disamb","fp","disamb fp",5,0,474,474,0.5,-0.5,474
"1680","Native",35,35,"disamb","fp","disamb fp",6,0,580,580,-0.5,-0.5,580
"1682","Native",36,40,"disamb","fp","disamb fp",8,0,266,266,-0.5,0.5,266
"1684","Native",36,42,"disamb","fp","disamb fp",6,0,642,642,-0.5,-0.5,642
"1686","Native",36,41,"disamb","fp","disamb fp",5,0,552,552,0.5,-0.5,552
"1688","Native",36,25,"disamb","fp","disamb fp",5,0,405,405,0.5,-0.5,405
"1690","Native",36,37,"disamb","fp","disamb fp",5,0,138,138,0.5,-0.5,138
"1692","Native",36,44,"disamb","fp","disamb fp",8,0,160,160,-0.5,0.5,160
"1694","Native",36,29,"disamb","fp","disamb fp",5,0,622,622,0.5,-0.5,622
"1696","Native",36,38,"disamb","fp","disamb fp",6,0,314,314,-0.5,-0.5,314
"1698","Native",36,31,"disamb","fp","disamb fp",7,0,476,476,0.5,0.5,476
"1700","Native",36,30,"disamb","fp","disamb fp",6,0,596,596,-0.5,-0.5,596
"1702","Native",36,35,"disamb","fp","disamb fp",7,0,245,245,0.5,0.5,245
"1704","Native",36,47,"disamb","fp","disamb fp",7,0,507,507,0.5,0.5,507
"1706","Native",36,32,"disamb","fp","disamb fp",8,0,641,641,-0.5,0.5,641
"1708","Native",36,34,"disamb","fp","disamb fp",6,0,288,288,-0.5,-0.5,288
"1710","Native",36,36,"disamb","fp","disamb fp",8,0,215,215,-0.5,0.5,215
"1712","Native",36,46,"disamb","fp","disamb fp",6,1,0,NA,-0.5,-0.5,NA
"1714","Native",36,39,"disamb","fp","disamb fp",7,0,525,525,0.5,0.5,525
"1716","Native",36,27,"disamb","fp","disamb fp",7,0,427,427,0.5,0.5,427
"1718","Native",36,33,"disamb","fp","disamb fp",5,0,267,267,0.5,-0.5,267
"1720","Native",36,28,"disamb","fp","disamb fp",8,0,171,171,-0.5,0.5,171
"1722","Native",36,26,"disamb","fp","disamb fp",6,0,189,189,-0.5,-0.5,189
"1724","Native",36,43,"disamb","fp","disamb fp",7,0,409,409,0.5,0.5,409
"1726","Native",36,45,"disamb","fp","disamb fp",5,0,225,225,0.5,-0.5,225
"1728","Native",36,48,"disamb","fp","disamb fp",8,1,0,NA,-0.5,0.5,NA
"1730","Native",37,26,"disamb","fp","disamb fp",7,0,235,235,0.5,0.5,235
"1732","Native",37,45,"disamb","fp","disamb fp",6,0,278,278,-0.5,-0.5,278
"1734","Native",37,46,"disamb","fp","disamb fp",7,0,568,568,0.5,0.5,568
"1736","Native",37,43,"disamb","fp","disamb fp",8,0,231,231,-0.5,0.5,231
"1738","Native",37,31,"disamb","fp","disamb fp",8,0,220,220,-0.5,0.5,220
"1740","Native",37,29,"disamb","fp","disamb fp",6,0,276,276,-0.5,-0.5,276
"1742","Native",37,44,"disamb","fp","disamb fp",5,0,456,456,0.5,-0.5,456
"1744","Native",37,39,"disamb","fp","disamb fp",8,0,250,250,-0.5,0.5,250
"1746","Native",37,36,"disamb","fp","disamb fp",5,0,174,174,0.5,-0.5,174
"1748","Native",37,38,"disamb","fp","disamb fp",7,0,220,220,0.5,0.5,220
"1750","Native",37,42,"disamb","fp","disamb fp",7,0,204,204,0.5,0.5,204
"1752","Native",37,34,"disamb","fp","disamb fp",7,0,300,300,0.5,0.5,300
"1754","Native",37,28,"disamb","fp","disamb fp",5,0,468,468,0.5,-0.5,468
"1756","Native",37,37,"disamb","fp","disamb fp",6,0,424,424,-0.5,-0.5,424
"1758","Native",37,48,"disamb","fp","disamb fp",5,0,226,226,0.5,-0.5,226
"1760","Native",37,47,"disamb","fp","disamb fp",8,0,523,523,-0.5,0.5,523
"1762","Native",37,40,"disamb","fp","disamb fp",5,0,207,207,0.5,-0.5,207
"1764","Native",37,30,"disamb","fp","disamb fp",7,0,230,230,0.5,0.5,230
"1766","Native",37,32,"disamb","fp","disamb fp",5,0,513,513,0.5,-0.5,513
"1768","Native",37,35,"disamb","fp","disamb fp",8,0,375,375,-0.5,0.5,375
"1770","Native",37,27,"disamb","fp","disamb fp",8,0,318,318,-0.5,0.5,318
"1772","Native",37,25,"disamb","fp","disamb fp",6,0,190,190,-0.5,-0.5,190
"1774","Native",37,41,"disamb","fp","disamb fp",6,0,283,283,-0.5,-0.5,283
"1776","Native",37,33,"disamb","fp","disamb fp",6,0,186,186,-0.5,-0.5,186
"1777","Native",38,39,"disamb","fp","disamb fp",5,0,188,188,0.5,-0.5,188
"1779","Native",38,46,"disamb","fp","disamb fp",8,0,164,164,-0.5,0.5,164
"1781","Native",38,25,"disamb","fp","disamb fp",7,0,201,201,0.5,0.5,201
"1783","Native",38,27,"disamb","fp","disamb fp",5,0,214,214,0.5,-0.5,214
"1785","Native",38,32,"disamb","fp","disamb fp",6,1,0,NA,-0.5,-0.5,NA
"1787","Native",38,43,"disamb","fp","disamb fp",5,0,388,388,0.5,-0.5,388
"1789","Native",38,44,"disamb","fp","disamb fp",6,1,0,NA,-0.5,-0.5,NA
"1791","Native",38,37,"disamb","fp","disamb fp",7,0,237,237,0.5,0.5,237
"1793","Native",38,40,"disamb","fp","disamb fp",6,1,0,NA,-0.5,-0.5,NA
"1795","Native",38,38,"disamb","fp","disamb fp",8,0,228,228,-0.5,0.5,228
"1797","Native",38,48,"disamb","fp","disamb fp",6,1,0,NA,-0.5,-0.5,NA
"1799","Native",38,35,"disamb","fp","disamb fp",5,0,87,87,0.5,-0.5,87
"1801","Native",38,36,"disamb","fp","disamb fp",6,1,0,NA,-0.5,-0.5,NA
"1803","Native",38,28,"disamb","fp","disamb fp",6,0,279,279,-0.5,-0.5,279
"1805","Native",38,30,"disamb","fp","disamb fp",8,1,0,NA,-0.5,0.5,NA
"1807","Native",38,45,"disamb","fp","disamb fp",7,0,237,237,0.5,0.5,237
"1809","Native",38,33,"disamb","fp","disamb fp",7,0,163,163,0.5,0.5,163
"1811","Native",38,47,"disamb","fp","disamb fp",5,1,0,NA,0.5,-0.5,NA
"1813","Native",38,31,"disamb","fp","disamb fp",5,1,0,NA,0.5,-0.5,NA
"1815","Native",38,26,"disamb","fp","disamb fp",8,1,0,NA,-0.5,0.5,NA
"1817","Native",38,41,"disamb","fp","disamb fp",7,1,0,NA,0.5,0.5,NA
"1819","Native",38,29,"disamb","fp","disamb fp",7,0,249,249,0.5,0.5,249
"1821","Native",38,34,"disamb","fp","disamb fp",8,1,0,NA,-0.5,0.5,NA
"1823","Native",38,42,"disamb","fp","disamb fp",8,1,0,NA,-0.5,0.5,NA
"1825","Native",39,27,"disamb","fp","disamb fp",6,0,514,514,-0.5,-0.5,514
"1827","Native",39,37,"disamb","fp","disamb fp",8,0,480,480,-0.5,0.5,480
"1829","Native",39,45,"disamb","fp","disamb fp",8,0,168,168,-0.5,0.5,168
"1831","Native",39,34,"disamb","fp","disamb fp",5,1,0,NA,0.5,-0.5,NA
"1833","Native",39,31,"disamb","fp","disamb fp",6,0,326,326,-0.5,-0.5,326
"1835","Native",39,39,"disamb","fp","disamb fp",6,0,295,295,-0.5,-0.5,295
"1837","Native",39,46,"disamb","fp","disamb fp",5,0,715,715,0.5,-0.5,715
"1839","Native",39,40,"disamb","fp","disamb fp",7,0,380,380,0.5,0.5,380
"1841","Native",39,43,"disamb","fp","disamb fp",6,0,134,134,-0.5,-0.5,134
"1843","Native",39,47,"disamb","fp","disamb fp",6,0,445,445,-0.5,-0.5,445
"1845","Native",39,44,"disamb","fp","disamb fp",7,0,526,526,0.5,0.5,526
"1847","Native",39,33,"disamb","fp","disamb fp",8,0,118,118,-0.5,0.5,118
"1849","Native",39,36,"disamb","fp","disamb fp",7,0,233,233,0.5,0.5,233
"1851","Native",39,41,"disamb","fp","disamb fp",8,0,500,500,-0.5,0.5,500
"1853","Native",39,25,"disamb","fp","disamb fp",8,0,524,524,-0.5,0.5,524
"1855","Native",39,38,"disamb","fp","disamb fp",5,0,226,226,0.5,-0.5,226
"1857","Native",39,29,"disamb","fp","disamb fp",8,0,603,603,-0.5,0.5,603
"1859","Native",39,48,"disamb","fp","disamb fp",7,0,157,157,0.5,0.5,157
"1861","Native",39,30,"disamb","fp","disamb fp",5,0,741,741,0.5,-0.5,741
"1863","Native",39,42,"disamb","fp","disamb fp",5,0,480,480,0.5,-0.5,480
"1865","Native",39,32,"disamb","fp","disamb fp",7,0,179,179,0.5,0.5,179
"1867","Native",39,28,"disamb","fp","disamb fp",7,0,278,278,0.5,0.5,278
"1869","Native",39,26,"disamb","fp","disamb fp",5,0,627,627,0.5,-0.5,627
"1871","Native",39,35,"disamb","fp","disamb fp",6,0,386,386,-0.5,-0.5,386
"1874","Native",40,30,"disamb","fp","disamb fp",6,0,231,231,-0.5,-0.5,231
"1876","Native",40,48,"disamb","fp","disamb fp",8,0,262,262,-0.5,0.5,262
"1878","Native",40,32,"disamb","fp","disamb fp",8,0,298,298,-0.5,0.5,298
"1880","Native",40,40,"disamb","fp","disamb fp",8,0,162,162,-0.5,0.5,162
"1882","Native",40,36,"disamb","fp","disamb fp",8,0,181,181,-0.5,0.5,181
"1884","Native",40,31,"disamb","fp","disamb fp",7,0,233,233,0.5,0.5,233
"1886","Native",40,38,"disamb","fp","disamb fp",6,0,149,149,-0.5,-0.5,149
"1888","Native",40,27,"disamb","fp","disamb fp",7,1,0,NA,0.5,0.5,NA
"1890","Native",40,43,"disamb","fp","disamb fp",7,0,152,152,0.5,0.5,152
"1892","Native",40,47,"disamb","fp","disamb fp",7,1,0,NA,0.5,0.5,NA
"1894","Native",40,28,"disamb","fp","disamb fp",8,1,0,NA,-0.5,0.5,NA
"1896","Native",40,42,"disamb","fp","disamb fp",6,0,156,156,-0.5,-0.5,156
"1898","Native",40,39,"disamb","fp","disamb fp",7,1,0,NA,0.5,0.5,NA
"1900","Native",40,45,"disamb","fp","disamb fp",5,1,0,NA,0.5,-0.5,NA
"1902","Native",40,26,"disamb","fp","disamb fp",6,0,145,145,-0.5,-0.5,145
"1904","Native",40,37,"disamb","fp","disamb fp",5,0,132,132,0.5,-0.5,132
"1906","Native",40,34,"disamb","fp","disamb fp",6,0,149,149,-0.5,-0.5,149
"1908","Native",40,25,"disamb","fp","disamb fp",5,1,0,NA,0.5,-0.5,NA
"1910","Native",40,29,"disamb","fp","disamb fp",5,0,164,164,0.5,-0.5,164
"1912","Native",40,33,"disamb","fp","disamb fp",5,0,148,148,0.5,-0.5,148
"1914","Native",40,44,"disamb","fp","disamb fp",8,0,155,155,-0.5,0.5,155
"1916","Native",40,46,"disamb","fp","disamb fp",6,1,0,NA,-0.5,-0.5,NA
"1918","Native",40,41,"disamb","fp","disamb fp",5,0,119,119,0.5,-0.5,119
"1920","Native",40,35,"disamb","fp","disamb fp",7,1,0,NA,0.5,0.5,NA
