"","group","subject","item","region","measure","sort","condition","skips","rawdata","nozero","ambiguity","gender","trimmed_nozero"
"5762","Native",1,24,"spillover2","fp","spillover2 fp",4,0,323,323,-0.5,0.5,323
"5764","Native",1,12,"spillover2","fp","spillover2 fp",4,0,879,879,-0.5,0.5,879
"5766","Native",1,6,"spillover2","fp","spillover2 fp",2,0,169,169,0.5,0.5,169
"5768","Native",1,7,"spillover2","fp","spillover2 fp",3,0,195,195,-0.5,-0.5,195
"5770","Native",1,14,"spillover2","fp","spillover2 fp",2,0,644,644,0.5,0.5,644
"5772","Native",1,21,"spillover2","fp","spillover2 fp",1,0,681,681,0.5,-0.5,681
"5774","Native",1,19,"spillover2","fp","spillover2 fp",3,0,511,511,-0.5,-0.5,511
"5776","Native",1,17,"spillover2","fp","spillover2 fp",1,0,648,648,0.5,-0.5,648
"5778","Native",1,10,"spillover2","fp","spillover2 fp",2,0,126,126,0.5,0.5,126
"5780","Native",1,23,"spillover2","fp","spillover2 fp",3,0,359,359,-0.5,-0.5,359
"5782","Native",1,15,"spillover2","fp","spillover2 fp",3,0,160,160,-0.5,-0.5,160
"5784","Native",1,1,"spillover2","fp","spillover2 fp",1,0,593,593,0.5,-0.5,593
"5786","Native",1,2,"spillover2","fp","spillover2 fp",2,0,150,150,0.5,0.5,150
"5788","Native",1,5,"spillover2","fp","spillover2 fp",1,0,515,515,0.5,-0.5,515
"5790","Native",1,16,"spillover2","fp","spillover2 fp",4,0,169,169,-0.5,0.5,169
"5792","Native",1,3,"spillover2","fp","spillover2 fp",3,0,760,760,-0.5,-0.5,760
"5794","Native",1,13,"spillover2","fp","spillover2 fp",1,0,178,178,0.5,-0.5,178
"5796","Native",1,11,"spillover2","fp","spillover2 fp",3,0,695,695,-0.5,-0.5,695
"5798","Native",1,9,"spillover2","fp","spillover2 fp",1,0,1228,1228,0.5,-0.5,1228
"5800","Native",1,8,"spillover2","fp","spillover2 fp",4,0,1052,1052,-0.5,0.5,1052
"5802","Native",1,4,"spillover2","fp","spillover2 fp",4,0,642,642,-0.5,0.5,642
"5804","Native",1,20,"spillover2","fp","spillover2 fp",4,0,187,187,-0.5,0.5,187
"5806","Native",1,18,"spillover2","fp","spillover2 fp",2,0,467,467,0.5,0.5,467
"5808","Native",1,22,"spillover2","fp","spillover2 fp",2,0,567,567,0.5,0.5,567
"5810","Native",2,14,"spillover2","fp","spillover2 fp",3,0,301,301,-0.5,-0.5,301
"5812","Native",2,4,"spillover2","fp","spillover2 fp",1,0,431,431,0.5,-0.5,431
"5814","Native",2,19,"spillover2","fp","spillover2 fp",4,0,395,395,-0.5,0.5,395
"5816","Native",2,1,"spillover2","fp","spillover2 fp",2,0,421,421,0.5,0.5,421
"5818","Native",2,5,"spillover2","fp","spillover2 fp",2,0,359,359,0.5,0.5,359
"5820","Native",2,15,"spillover2","fp","spillover2 fp",4,0,122,122,-0.5,0.5,122
"5822","Native",2,7,"spillover2","fp","spillover2 fp",4,0,251,251,-0.5,0.5,251
"5824","Native",2,18,"spillover2","fp","spillover2 fp",3,0,273,273,-0.5,-0.5,273
"5826","Native",2,6,"spillover2","fp","spillover2 fp",3,0,439,439,-0.5,-0.5,439
"5828","Native",2,22,"spillover2","fp","spillover2 fp",3,0,404,404,-0.5,-0.5,404
"5830","Native",2,10,"spillover2","fp","spillover2 fp",3,0,311,311,-0.5,-0.5,311
"5832","Native",2,8,"spillover2","fp","spillover2 fp",1,0,201,201,0.5,-0.5,201
"5834","Native",2,24,"spillover2","fp","spillover2 fp",1,0,125,125,0.5,-0.5,125
"5836","Native",2,17,"spillover2","fp","spillover2 fp",2,0,229,229,0.5,0.5,229
"5838","Native",2,2,"spillover2","fp","spillover2 fp",3,0,301,301,-0.5,-0.5,301
"5840","Native",2,11,"spillover2","fp","spillover2 fp",4,0,282,282,-0.5,0.5,282
"5842","Native",2,3,"spillover2","fp","spillover2 fp",4,0,328,328,-0.5,0.5,328
"5844","Native",2,21,"spillover2","fp","spillover2 fp",2,0,124,124,0.5,0.5,124
"5846","Native",2,20,"spillover2","fp","spillover2 fp",1,0,197,197,0.5,-0.5,197
"5848","Native",2,16,"spillover2","fp","spillover2 fp",1,1,0,NA,0.5,-0.5,NA
"5850","Native",2,13,"spillover2","fp","spillover2 fp",2,0,198,198,0.5,0.5,198
"5852","Native",2,9,"spillover2","fp","spillover2 fp",2,0,188,188,0.5,0.5,188
"5854","Native",2,12,"spillover2","fp","spillover2 fp",1,0,304,304,0.5,-0.5,304
"5856","Native",2,23,"spillover2","fp","spillover2 fp",4,0,241,241,-0.5,0.5,241
"5857","Native",3,11,"spillover2","fp","spillover2 fp",1,0,446,446,0.5,-0.5,446
"5859","Native",3,21,"spillover2","fp","spillover2 fp",3,0,802,802,-0.5,-0.5,802
"5861","Native",3,2,"spillover2","fp","spillover2 fp",4,0,611,611,-0.5,0.5,611
"5863","Native",3,20,"spillover2","fp","spillover2 fp",2,0,306,306,0.5,0.5,306
"5865","Native",3,9,"spillover2","fp","spillover2 fp",3,0,869,869,-0.5,-0.5,869
"5867","Native",3,4,"spillover2","fp","spillover2 fp",2,0,110,110,0.5,0.5,110
"5869","Native",3,3,"spillover2","fp","spillover2 fp",1,0,583,583,0.5,-0.5,583
"5871","Native",3,1,"spillover2","fp","spillover2 fp",3,0,525,525,-0.5,-0.5,525
"5873","Native",3,13,"spillover2","fp","spillover2 fp",3,0,535,535,-0.5,-0.5,535
"5875","Native",3,18,"spillover2","fp","spillover2 fp",4,0,376,376,-0.5,0.5,376
"5877","Native",3,7,"spillover2","fp","spillover2 fp",1,0,297,297,0.5,-0.5,297
"5879","Native",3,5,"spillover2","fp","spillover2 fp",3,0,829,829,-0.5,-0.5,829
"5881","Native",3,15,"spillover2","fp","spillover2 fp",1,0,221,221,0.5,-0.5,221
"5883","Native",3,16,"spillover2","fp","spillover2 fp",2,0,493,493,0.5,0.5,493
"5885","Native",3,8,"spillover2","fp","spillover2 fp",2,0,1268,1268,0.5,0.5,1268
"5887","Native",3,22,"spillover2","fp","spillover2 fp",4,0,956,956,-0.5,0.5,956
"5889","Native",3,17,"spillover2","fp","spillover2 fp",3,0,473,473,-0.5,-0.5,473
"5891","Native",3,19,"spillover2","fp","spillover2 fp",1,0,532,532,0.5,-0.5,532
"5893","Native",3,23,"spillover2","fp","spillover2 fp",1,0,979,979,0.5,-0.5,979
"5895","Native",3,14,"spillover2","fp","spillover2 fp",4,0,1950,1950,-0.5,0.5,1950
"5897","Native",3,24,"spillover2","fp","spillover2 fp",2,0,471,471,0.5,0.5,471
"5899","Native",3,10,"spillover2","fp","spillover2 fp",4,0,669,669,-0.5,0.5,669
"5901","Native",3,12,"spillover2","fp","spillover2 fp",2,0,196,196,0.5,0.5,196
"5903","Native",3,6,"spillover2","fp","spillover2 fp",4,0,832,832,-0.5,0.5,832
"5905","Native",4,21,"spillover2","fp","spillover2 fp",4,0,332,332,-0.5,0.5,332
"5907","Native",4,14,"spillover2","fp","spillover2 fp",1,0,307,307,0.5,-0.5,307
"5909","Native",4,22,"spillover2","fp","spillover2 fp",1,0,309,309,0.5,-0.5,309
"5911","Native",4,11,"spillover2","fp","spillover2 fp",2,0,281,281,0.5,0.5,281
"5913","Native",4,15,"spillover2","fp","spillover2 fp",2,0,152,152,0.5,0.5,152
"5915","Native",4,23,"spillover2","fp","spillover2 fp",2,0,287,287,0.5,0.5,287
"5917","Native",4,18,"spillover2","fp","spillover2 fp",1,0,497,497,0.5,-0.5,497
"5919","Native",4,6,"spillover2","fp","spillover2 fp",1,0,105,105,0.5,-0.5,105
"5921","Native",4,10,"spillover2","fp","spillover2 fp",1,0,454,454,0.5,-0.5,454
"5923","Native",4,12,"spillover2","fp","spillover2 fp",3,0,414,414,-0.5,-0.5,414
"5925","Native",4,19,"spillover2","fp","spillover2 fp",2,0,157,157,0.5,0.5,157
"5927","Native",4,1,"spillover2","fp","spillover2 fp",4,0,245,245,-0.5,0.5,245
"5929","Native",4,20,"spillover2","fp","spillover2 fp",3,0,279,279,-0.5,-0.5,279
"5931","Native",4,16,"spillover2","fp","spillover2 fp",3,0,521,521,-0.5,-0.5,521
"5933","Native",4,2,"spillover2","fp","spillover2 fp",1,0,381,381,0.5,-0.5,381
"5935","Native",4,5,"spillover2","fp","spillover2 fp",4,0,508,508,-0.5,0.5,508
"5937","Native",4,17,"spillover2","fp","spillover2 fp",4,0,546,546,-0.5,0.5,546
"5939","Native",4,24,"spillover2","fp","spillover2 fp",3,0,169,169,-0.5,-0.5,169
"5941","Native",4,13,"spillover2","fp","spillover2 fp",4,0,158,158,-0.5,0.5,158
"5943","Native",4,8,"spillover2","fp","spillover2 fp",3,0,212,212,-0.5,-0.5,212
"5945","Native",4,9,"spillover2","fp","spillover2 fp",4,0,284,284,-0.5,0.5,284
"5947","Native",4,7,"spillover2","fp","spillover2 fp",2,0,300,300,0.5,0.5,300
"5949","Native",4,4,"spillover2","fp","spillover2 fp",3,0,363,363,-0.5,-0.5,363
"5951","Native",4,3,"spillover2","fp","spillover2 fp",2,0,388,388,0.5,0.5,388
"5954","Native",5,8,"spillover2","fp","spillover2 fp",4,0,189,189,-0.5,0.5,189
"5956","Native",5,4,"spillover2","fp","spillover2 fp",4,0,526,526,-0.5,0.5,526
"5958","Native",5,19,"spillover2","fp","spillover2 fp",3,0,258,258,-0.5,-0.5,258
"5960","Native",5,21,"spillover2","fp","spillover2 fp",1,0,149,149,0.5,-0.5,149
"5962","Native",5,13,"spillover2","fp","spillover2 fp",1,0,383,383,0.5,-0.5,383
"5964","Native",5,9,"spillover2","fp","spillover2 fp",1,0,364,364,0.5,-0.5,364
"5966","Native",5,3,"spillover2","fp","spillover2 fp",3,0,237,237,-0.5,-0.5,237
"5968","Native",5,12,"spillover2","fp","spillover2 fp",4,0,745,745,-0.5,0.5,745
"5970","Native",5,2,"spillover2","fp","spillover2 fp",2,0,437,437,0.5,0.5,437
"5972","Native",5,15,"spillover2","fp","spillover2 fp",3,0,137,137,-0.5,-0.5,137
"5974","Native",5,5,"spillover2","fp","spillover2 fp",1,0,176,176,0.5,-0.5,176
"5976","Native",5,7,"spillover2","fp","spillover2 fp",3,0,1070,1070,-0.5,-0.5,1070
"5978","Native",5,22,"spillover2","fp","spillover2 fp",2,0,454,454,0.5,0.5,454
"5980","Native",5,17,"spillover2","fp","spillover2 fp",1,0,589,589,0.5,-0.5,589
"5982","Native",5,16,"spillover2","fp","spillover2 fp",4,0,595,595,-0.5,0.5,595
"5984","Native",5,1,"spillover2","fp","spillover2 fp",1,0,304,304,0.5,-0.5,304
"5986","Native",5,14,"spillover2","fp","spillover2 fp",2,0,514,514,0.5,0.5,514
"5988","Native",5,24,"spillover2","fp","spillover2 fp",4,0,291,291,-0.5,0.5,291
"5990","Native",5,23,"spillover2","fp","spillover2 fp",3,0,325,325,-0.5,-0.5,325
"5992","Native",5,18,"spillover2","fp","spillover2 fp",2,0,489,489,0.5,0.5,489
"5994","Native",5,11,"spillover2","fp","spillover2 fp",3,0,351,351,-0.5,-0.5,351
"5996","Native",5,20,"spillover2","fp","spillover2 fp",4,0,336,336,-0.5,0.5,336
"5998","Native",5,10,"spillover2","fp","spillover2 fp",2,0,197,197,0.5,0.5,197
"6000","Native",5,6,"spillover2","fp","spillover2 fp",2,0,245,245,0.5,0.5,245
"6001","Native",6,12,"spillover2","fp","spillover2 fp",1,0,428,428,0.5,-0.5,428
"6003","Native",6,14,"spillover2","fp","spillover2 fp",3,0,160,160,-0.5,-0.5,160
"6005","Native",6,5,"spillover2","fp","spillover2 fp",2,0,269,269,0.5,0.5,269
"6007","Native",6,22,"spillover2","fp","spillover2 fp",3,1,0,NA,-0.5,-0.5,NA
"6009","Native",6,15,"spillover2","fp","spillover2 fp",4,1,0,NA,-0.5,0.5,NA
"6011","Native",6,17,"spillover2","fp","spillover2 fp",2,0,270,270,0.5,0.5,270
"6013","Native",6,3,"spillover2","fp","spillover2 fp",4,0,304,304,-0.5,0.5,304
"6015","Native",6,2,"spillover2","fp","spillover2 fp",3,0,135,135,-0.5,-0.5,135
"6017","Native",6,9,"spillover2","fp","spillover2 fp",2,0,166,166,0.5,0.5,166
"6019","Native",6,8,"spillover2","fp","spillover2 fp",1,0,200,200,0.5,-0.5,200
"6021","Native",6,24,"spillover2","fp","spillover2 fp",1,0,110,110,0.5,-0.5,110
"6023","Native",6,11,"spillover2","fp","spillover2 fp",4,0,390,390,-0.5,0.5,390
"6025","Native",6,16,"spillover2","fp","spillover2 fp",1,0,246,246,0.5,-0.5,246
"6027","Native",6,21,"spillover2","fp","spillover2 fp",2,0,163,163,0.5,0.5,163
"6029","Native",6,13,"spillover2","fp","spillover2 fp",2,0,195,195,0.5,0.5,195
"6031","Native",6,7,"spillover2","fp","spillover2 fp",4,0,288,288,-0.5,0.5,288
"6033","Native",6,19,"spillover2","fp","spillover2 fp",4,0,306,306,-0.5,0.5,306
"6035","Native",6,23,"spillover2","fp","spillover2 fp",4,0,305,305,-0.5,0.5,305
"6037","Native",6,1,"spillover2","fp","spillover2 fp",2,0,182,182,0.5,0.5,182
"6039","Native",6,6,"spillover2","fp","spillover2 fp",3,0,109,109,-0.5,-0.5,109
"6041","Native",6,4,"spillover2","fp","spillover2 fp",1,0,343,343,0.5,-0.5,343
"6043","Native",6,20,"spillover2","fp","spillover2 fp",1,0,347,347,0.5,-0.5,347
"6045","Native",6,10,"spillover2","fp","spillover2 fp",3,0,132,132,-0.5,-0.5,132
"6047","Native",6,18,"spillover2","fp","spillover2 fp",3,0,445,445,-0.5,-0.5,445
"6050","Native",7,16,"spillover2","fp","spillover2 fp",2,0,403,403,0.5,0.5,403
"6052","Native",7,14,"spillover2","fp","spillover2 fp",4,0,535,535,-0.5,0.5,535
"6054","Native",7,12,"spillover2","fp","spillover2 fp",2,0,422,422,0.5,0.5,422
"6056","Native",7,20,"spillover2","fp","spillover2 fp",2,0,326,326,0.5,0.5,326
"6058","Native",7,10,"spillover2","fp","spillover2 fp",4,0,510,510,-0.5,0.5,510
"6060","Native",7,24,"spillover2","fp","spillover2 fp",2,0,419,419,0.5,0.5,419
"6062","Native",7,22,"spillover2","fp","spillover2 fp",4,0,507,507,-0.5,0.5,507
"6064","Native",7,23,"spillover2","fp","spillover2 fp",1,0,842,842,0.5,-0.5,842
"6066","Native",7,18,"spillover2","fp","spillover2 fp",4,0,389,389,-0.5,0.5,389
"6068","Native",7,8,"spillover2","fp","spillover2 fp",2,0,718,718,0.5,0.5,718
"6070","Native",7,1,"spillover2","fp","spillover2 fp",3,0,424,424,-0.5,-0.5,424
"6072","Native",7,2,"spillover2","fp","spillover2 fp",4,0,148,148,-0.5,0.5,148
"6074","Native",7,13,"spillover2","fp","spillover2 fp",3,0,413,413,-0.5,-0.5,413
"6076","Native",7,11,"spillover2","fp","spillover2 fp",1,0,401,401,0.5,-0.5,401
"6078","Native",7,5,"spillover2","fp","spillover2 fp",3,0,326,326,-0.5,-0.5,326
"6080","Native",7,3,"spillover2","fp","spillover2 fp",1,0,613,613,0.5,-0.5,613
"6082","Native",7,19,"spillover2","fp","spillover2 fp",1,0,371,371,0.5,-0.5,371
"6084","Native",7,7,"spillover2","fp","spillover2 fp",1,0,312,312,0.5,-0.5,312
"6086","Native",7,15,"spillover2","fp","spillover2 fp",1,0,473,473,0.5,-0.5,473
"6088","Native",7,4,"spillover2","fp","spillover2 fp",2,0,875,875,0.5,0.5,875
"6090","Native",7,17,"spillover2","fp","spillover2 fp",3,0,382,382,-0.5,-0.5,382
"6092","Native",7,21,"spillover2","fp","spillover2 fp",3,0,615,615,-0.5,-0.5,615
"6094","Native",7,6,"spillover2","fp","spillover2 fp",4,0,291,291,-0.5,0.5,291
"6096","Native",7,9,"spillover2","fp","spillover2 fp",3,0,218,218,-0.5,-0.5,218
"6097","Native",8,11,"spillover2","fp","spillover2 fp",2,0,560,560,0.5,0.5,560
"6099","Native",8,17,"spillover2","fp","spillover2 fp",4,0,902,902,-0.5,0.5,902
"6101","Native",8,2,"spillover2","fp","spillover2 fp",1,0,377,377,0.5,-0.5,377
"6103","Native",8,18,"spillover2","fp","spillover2 fp",1,0,310,310,0.5,-0.5,310
"6105","Native",8,14,"spillover2","fp","spillover2 fp",1,0,534,534,0.5,-0.5,534
"6107","Native",8,4,"spillover2","fp","spillover2 fp",3,0,391,391,-0.5,-0.5,391
"6109","Native",8,23,"spillover2","fp","spillover2 fp",2,0,512,512,0.5,0.5,512
"6111","Native",8,21,"spillover2","fp","spillover2 fp",4,0,240,240,-0.5,0.5,240
"6113","Native",8,5,"spillover2","fp","spillover2 fp",4,0,463,463,-0.5,0.5,463
"6115","Native",8,1,"spillover2","fp","spillover2 fp",4,0,237,237,-0.5,0.5,237
"6117","Native",8,6,"spillover2","fp","spillover2 fp",1,0,168,168,0.5,-0.5,168
"6119","Native",8,7,"spillover2","fp","spillover2 fp",2,0,499,499,0.5,0.5,499
"6121","Native",8,12,"spillover2","fp","spillover2 fp",3,0,666,666,-0.5,-0.5,666
"6123","Native",8,10,"spillover2","fp","spillover2 fp",1,0,566,566,0.5,-0.5,566
"6125","Native",8,16,"spillover2","fp","spillover2 fp",3,0,423,423,-0.5,-0.5,423
"6127","Native",8,8,"spillover2","fp","spillover2 fp",3,0,579,579,-0.5,-0.5,579
"6129","Native",8,19,"spillover2","fp","spillover2 fp",2,0,401,401,0.5,0.5,401
"6131","Native",8,15,"spillover2","fp","spillover2 fp",2,0,577,577,0.5,0.5,577
"6133","Native",8,22,"spillover2","fp","spillover2 fp",1,0,574,574,0.5,-0.5,574
"6135","Native",8,9,"spillover2","fp","spillover2 fp",4,0,502,502,-0.5,0.5,502
"6137","Native",8,24,"spillover2","fp","spillover2 fp",3,0,510,510,-0.5,-0.5,510
"6139","Native",8,13,"spillover2","fp","spillover2 fp",4,0,167,167,-0.5,0.5,167
"6141","Native",8,3,"spillover2","fp","spillover2 fp",2,0,898,898,0.5,0.5,898
"6143","Native",8,20,"spillover2","fp","spillover2 fp",3,0,399,399,-0.5,-0.5,399
"6146","Native",9,9,"spillover2","fp","spillover2 fp",1,0,676,676,0.5,-0.5,676
"6148","Native",9,3,"spillover2","fp","spillover2 fp",3,0,876,876,-0.5,-0.5,876
"6150","Native",9,5,"spillover2","fp","spillover2 fp",1,0,288,288,0.5,-0.5,288
"6152","Native",9,22,"spillover2","fp","spillover2 fp",2,0,406,406,0.5,0.5,406
"6154","Native",9,2,"spillover2","fp","spillover2 fp",2,0,818,818,0.5,0.5,818
"6156","Native",9,7,"spillover2","fp","spillover2 fp",3,0,133,133,-0.5,-0.5,133
"6158","Native",9,6,"spillover2","fp","spillover2 fp",2,0,130,130,0.5,0.5,130
"6160","Native",9,13,"spillover2","fp","spillover2 fp",1,0,489,489,0.5,-0.5,489
"6162","Native",9,24,"spillover2","fp","spillover2 fp",4,0,138,138,-0.5,0.5,138
"6164","Native",9,14,"spillover2","fp","spillover2 fp",2,0,163,163,0.5,0.5,163
"6166","Native",9,12,"spillover2","fp","spillover2 fp",4,0,801,801,-0.5,0.5,801
"6168","Native",9,20,"spillover2","fp","spillover2 fp",4,0,302,302,-0.5,0.5,302
"6170","Native",9,4,"spillover2","fp","spillover2 fp",4,0,429,429,-0.5,0.5,429
"6172","Native",9,23,"spillover2","fp","spillover2 fp",3,0,158,158,-0.5,-0.5,158
"6174","Native",9,10,"spillover2","fp","spillover2 fp",2,0,342,342,0.5,0.5,342
"6176","Native",9,1,"spillover2","fp","spillover2 fp",1,0,209,209,0.5,-0.5,209
"6178","Native",9,16,"spillover2","fp","spillover2 fp",4,0,242,242,-0.5,0.5,242
"6180","Native",9,18,"spillover2","fp","spillover2 fp",2,0,447,447,0.5,0.5,447
"6182","Native",9,21,"spillover2","fp","spillover2 fp",1,0,596,596,0.5,-0.5,596
"6184","Native",9,15,"spillover2","fp","spillover2 fp",3,0,305,305,-0.5,-0.5,305
"6186","Native",9,17,"spillover2","fp","spillover2 fp",1,0,344,344,0.5,-0.5,344
"6188","Native",9,11,"spillover2","fp","spillover2 fp",3,0,360,360,-0.5,-0.5,360
"6190","Native",9,19,"spillover2","fp","spillover2 fp",3,0,301,301,-0.5,-0.5,301
"6192","Native",9,8,"spillover2","fp","spillover2 fp",4,0,389,389,-0.5,0.5,389
"6194","Native",10,13,"spillover2","fp","spillover2 fp",2,0,254,254,0.5,0.5,254
"6196","Native",10,3,"spillover2","fp","spillover2 fp",4,0,468,468,-0.5,0.5,468
"6198","Native",10,9,"spillover2","fp","spillover2 fp",2,0,227,227,0.5,0.5,227
"6200","Native",10,20,"spillover2","fp","spillover2 fp",1,0,166,166,0.5,-0.5,166
"6202","Native",10,1,"spillover2","fp","spillover2 fp",2,0,315,315,0.5,0.5,315
"6204","Native",10,5,"spillover2","fp","spillover2 fp",2,0,318,318,0.5,0.5,318
"6206","Native",10,6,"spillover2","fp","spillover2 fp",3,0,421,421,-0.5,-0.5,421
"6208","Native",10,4,"spillover2","fp","spillover2 fp",1,0,417,417,0.5,-0.5,417
"6210","Native",10,23,"spillover2","fp","spillover2 fp",4,0,221,221,-0.5,0.5,221
"6212","Native",10,17,"spillover2","fp","spillover2 fp",2,0,254,254,0.5,0.5,254
"6214","Native",10,2,"spillover2","fp","spillover2 fp",3,0,231,231,-0.5,-0.5,231
"6216","Native",10,11,"spillover2","fp","spillover2 fp",4,0,386,386,-0.5,0.5,386
"6218","Native",10,16,"spillover2","fp","spillover2 fp",1,0,351,351,0.5,-0.5,351
"6220","Native",10,15,"spillover2","fp","spillover2 fp",4,0,164,164,-0.5,0.5,164
"6222","Native",10,21,"spillover2","fp","spillover2 fp",2,0,620,620,0.5,0.5,620
"6224","Native",10,18,"spillover2","fp","spillover2 fp",3,0,414,414,-0.5,-0.5,414
"6226","Native",10,10,"spillover2","fp","spillover2 fp",3,0,343,343,-0.5,-0.5,343
"6228","Native",10,22,"spillover2","fp","spillover2 fp",3,0,519,519,-0.5,-0.5,519
"6230","Native",10,14,"spillover2","fp","spillover2 fp",3,0,469,469,-0.5,-0.5,469
"6232","Native",10,12,"spillover2","fp","spillover2 fp",1,0,361,361,0.5,-0.5,361
"6234","Native",10,8,"spillover2","fp","spillover2 fp",1,0,153,153,0.5,-0.5,153
"6236","Native",10,19,"spillover2","fp","spillover2 fp",4,0,151,151,-0.5,0.5,151
"6238","Native",10,24,"spillover2","fp","spillover2 fp",1,0,195,195,0.5,-0.5,195
"6240","Native",10,7,"spillover2","fp","spillover2 fp",4,0,625,625,-0.5,0.5,625
"6242","Native",11,6,"spillover2","fp","spillover2 fp",4,0,168,168,-0.5,0.5,168
"6244","Native",11,14,"spillover2","fp","spillover2 fp",4,0,416,416,-0.5,0.5,416
"6246","Native",11,15,"spillover2","fp","spillover2 fp",1,0,508,508,0.5,-0.5,508
"6248","Native",11,18,"spillover2","fp","spillover2 fp",4,0,424,424,-0.5,0.5,424
"6250","Native",11,20,"spillover2","fp","spillover2 fp",2,0,556,556,0.5,0.5,556
"6252","Native",11,13,"spillover2","fp","spillover2 fp",3,0,1320,1320,-0.5,-0.5,1320
"6254","Native",11,8,"spillover2","fp","spillover2 fp",2,0,406,406,0.5,0.5,406
"6256","Native",11,9,"spillover2","fp","spillover2 fp",3,0,602,602,-0.5,-0.5,602
"6258","Native",11,19,"spillover2","fp","spillover2 fp",1,0,132,132,0.5,-0.5,132
"6260","Native",11,24,"spillover2","fp","spillover2 fp",2,0,428,428,0.5,0.5,428
"6262","Native",11,2,"spillover2","fp","spillover2 fp",4,0,646,646,-0.5,0.5,646
"6264","Native",11,10,"spillover2","fp","spillover2 fp",4,0,322,322,-0.5,0.5,322
"6266","Native",11,23,"spillover2","fp","spillover2 fp",1,0,744,744,0.5,-0.5,744
"6268","Native",11,12,"spillover2","fp","spillover2 fp",2,0,1230,1230,0.5,0.5,1230
"6270","Native",11,21,"spillover2","fp","spillover2 fp",3,0,224,224,-0.5,-0.5,224
"6272","Native",11,16,"spillover2","fp","spillover2 fp",2,0,644,644,0.5,0.5,644
"6274","Native",11,7,"spillover2","fp","spillover2 fp",1,0,448,448,0.5,-0.5,448
"6276","Native",11,5,"spillover2","fp","spillover2 fp",3,0,798,798,-0.5,-0.5,798
"6278","Native",11,3,"spillover2","fp","spillover2 fp",1,0,610,610,0.5,-0.5,610
"6280","Native",11,1,"spillover2","fp","spillover2 fp",3,0,266,266,-0.5,-0.5,266
"6282","Native",11,4,"spillover2","fp","spillover2 fp",2,0,572,572,0.5,0.5,572
"6284","Native",11,17,"spillover2","fp","spillover2 fp",3,0,502,502,-0.5,-0.5,502
"6286","Native",11,11,"spillover2","fp","spillover2 fp",1,0,398,398,0.5,-0.5,398
"6288","Native",11,22,"spillover2","fp","spillover2 fp",4,0,1640,1640,-0.5,0.5,1640
"6290","Native",12,21,"spillover2","fp","spillover2 fp",2,0,205,205,0.5,0.5,205
"6292","Native",12,17,"spillover2","fp","spillover2 fp",2,0,343,343,0.5,0.5,343
"6294","Native",12,6,"spillover2","fp","spillover2 fp",3,0,278,278,-0.5,-0.5,278
"6296","Native",12,10,"spillover2","fp","spillover2 fp",3,0,416,416,-0.5,-0.5,416
"6298","Native",12,18,"spillover2","fp","spillover2 fp",3,0,183,183,-0.5,-0.5,183
"6300","Native",12,16,"spillover2","fp","spillover2 fp",1,0,440,440,0.5,-0.5,440
"6302","Native",12,15,"spillover2","fp","spillover2 fp",4,0,197,197,-0.5,0.5,197
"6304","Native",12,1,"spillover2","fp","spillover2 fp",2,0,285,285,0.5,0.5,285
"6306","Native",12,9,"spillover2","fp","spillover2 fp",2,0,246,246,0.5,0.5,246
"6308","Native",12,11,"spillover2","fp","spillover2 fp",4,0,623,623,-0.5,0.5,623
"6310","Native",12,8,"spillover2","fp","spillover2 fp",1,0,613,613,0.5,-0.5,613
"6312","Native",12,23,"spillover2","fp","spillover2 fp",4,0,402,402,-0.5,0.5,402
"6314","Native",12,5,"spillover2","fp","spillover2 fp",2,0,218,218,0.5,0.5,218
"6316","Native",12,2,"spillover2","fp","spillover2 fp",3,0,295,295,-0.5,-0.5,295
"6318","Native",12,4,"spillover2","fp","spillover2 fp",1,0,538,538,0.5,-0.5,538
"6320","Native",12,19,"spillover2","fp","spillover2 fp",4,0,654,654,-0.5,0.5,654
"6322","Native",12,14,"spillover2","fp","spillover2 fp",3,0,572,572,-0.5,-0.5,572
"6324","Native",12,13,"spillover2","fp","spillover2 fp",2,0,171,171,0.5,0.5,171
"6326","Native",12,24,"spillover2","fp","spillover2 fp",1,0,160,160,0.5,-0.5,160
"6328","Native",12,12,"spillover2","fp","spillover2 fp",1,0,833,833,0.5,-0.5,833
"6330","Native",12,22,"spillover2","fp","spillover2 fp",3,0,355,355,-0.5,-0.5,355
"6332","Native",12,20,"spillover2","fp","spillover2 fp",1,0,501,501,0.5,-0.5,501
"6334","Native",12,3,"spillover2","fp","spillover2 fp",4,0,384,384,-0.5,0.5,384
"6336","Native",12,7,"spillover2","fp","spillover2 fp",4,0,371,371,-0.5,0.5,371
"6337","Native",13,5,"spillover2","fp","spillover2 fp",4,0,630,630,-0.5,0.5,630
"6339","Native",13,18,"spillover2","fp","spillover2 fp",1,0,335,335,0.5,-0.5,335
"6341","Native",13,17,"spillover2","fp","spillover2 fp",4,0,374,374,-0.5,0.5,374
"6343","Native",13,4,"spillover2","fp","spillover2 fp",3,0,993,993,-0.5,-0.5,993
"6345","Native",13,9,"spillover2","fp","spillover2 fp",4,0,1141,1141,-0.5,0.5,1141
"6347","Native",13,10,"spillover2","fp","spillover2 fp",1,0,282,282,0.5,-0.5,282
"6349","Native",13,20,"spillover2","fp","spillover2 fp",3,0,122,122,-0.5,-0.5,122
"6351","Native",13,22,"spillover2","fp","spillover2 fp",1,0,325,325,0.5,-0.5,325
"6353","Native",13,13,"spillover2","fp","spillover2 fp",4,0,332,332,-0.5,0.5,332
"6355","Native",13,24,"spillover2","fp","spillover2 fp",3,0,378,378,-0.5,-0.5,378
"6357","Native",13,12,"spillover2","fp","spillover2 fp",3,0,1092,1092,-0.5,-0.5,1092
"6359","Native",13,7,"spillover2","fp","spillover2 fp",2,0,500,500,0.5,0.5,500
"6361","Native",13,15,"spillover2","fp","spillover2 fp",2,0,149,149,0.5,0.5,149
"6363","Native",13,16,"spillover2","fp","spillover2 fp",3,0,178,178,-0.5,-0.5,178
"6365","Native",13,8,"spillover2","fp","spillover2 fp",3,0,341,341,-0.5,-0.5,341
"6367","Native",13,14,"spillover2","fp","spillover2 fp",1,0,305,305,0.5,-0.5,305
"6369","Native",13,3,"spillover2","fp","spillover2 fp",2,0,207,207,0.5,0.5,207
"6371","Native",13,2,"spillover2","fp","spillover2 fp",1,0,395,395,0.5,-0.5,395
"6373","Native",13,23,"spillover2","fp","spillover2 fp",2,0,249,249,0.5,0.5,249
"6375","Native",13,19,"spillover2","fp","spillover2 fp",2,0,201,201,0.5,0.5,201
"6377","Native",13,11,"spillover2","fp","spillover2 fp",2,0,160,160,0.5,0.5,160
"6379","Native",13,6,"spillover2","fp","spillover2 fp",1,1,0,NA,0.5,-0.5,NA
"6381","Native",13,1,"spillover2","fp","spillover2 fp",4,1,0,NA,-0.5,0.5,NA
"6383","Native",13,21,"spillover2","fp","spillover2 fp",4,0,263,263,-0.5,0.5,263
"6385","Native",14,10,"spillover2","fp","spillover2 fp",2,0,535,535,0.5,0.5,535
"6387","Native",14,5,"spillover2","fp","spillover2 fp",1,0,346,346,0.5,-0.5,346
"6389","Native",14,21,"spillover2","fp","spillover2 fp",1,0,423,423,0.5,-0.5,423
"6391","Native",14,12,"spillover2","fp","spillover2 fp",4,0,1138,1138,-0.5,0.5,1138
"6393","Native",14,20,"spillover2","fp","spillover2 fp",4,0,445,445,-0.5,0.5,445
"6395","Native",14,3,"spillover2","fp","spillover2 fp",3,0,368,368,-0.5,-0.5,368
"6397","Native",14,11,"spillover2","fp","spillover2 fp",3,0,384,384,-0.5,-0.5,384
"6399","Native",14,23,"spillover2","fp","spillover2 fp",3,0,742,742,-0.5,-0.5,742
"6401","Native",14,13,"spillover2","fp","spillover2 fp",1,0,455,455,0.5,-0.5,455
"6403","Native",14,19,"spillover2","fp","spillover2 fp",3,0,230,230,-0.5,-0.5,230
"6405","Native",14,22,"spillover2","fp","spillover2 fp",2,0,196,196,0.5,0.5,196
"6407","Native",14,1,"spillover2","fp","spillover2 fp",1,0,264,264,0.5,-0.5,264
"6409","Native",14,17,"spillover2","fp","spillover2 fp",1,0,197,197,0.5,-0.5,197
"6411","Native",14,4,"spillover2","fp","spillover2 fp",4,0,540,540,-0.5,0.5,540
"6413","Native",14,9,"spillover2","fp","spillover2 fp",1,0,797,797,0.5,-0.5,797
"6415","Native",14,6,"spillover2","fp","spillover2 fp",2,0,522,522,0.5,0.5,522
"6417","Native",14,2,"spillover2","fp","spillover2 fp",2,0,381,381,0.5,0.5,381
"6419","Native",14,14,"spillover2","fp","spillover2 fp",2,0,124,124,0.5,0.5,124
"6421","Native",14,15,"spillover2","fp","spillover2 fp",3,0,387,387,-0.5,-0.5,387
"6423","Native",14,18,"spillover2","fp","spillover2 fp",2,0,588,588,0.5,0.5,588
"6425","Native",14,16,"spillover2","fp","spillover2 fp",4,0,351,351,-0.5,0.5,351
"6427","Native",14,7,"spillover2","fp","spillover2 fp",3,0,458,458,-0.5,-0.5,458
"6429","Native",14,8,"spillover2","fp","spillover2 fp",4,0,242,242,-0.5,0.5,242
"6431","Native",14,24,"spillover2","fp","spillover2 fp",4,0,185,185,-0.5,0.5,185
"6434","Native",15,16,"spillover2","fp","spillover2 fp",1,0,149,149,0.5,-0.5,149
"6436","Native",15,4,"spillover2","fp","spillover2 fp",1,0,313,313,0.5,-0.5,313
"6438","Native",15,22,"spillover2","fp","spillover2 fp",3,0,131,131,-0.5,-0.5,131
"6440","Native",15,13,"spillover2","fp","spillover2 fp",2,0,191,191,0.5,0.5,191
"6442","Native",15,21,"spillover2","fp","spillover2 fp",2,0,109,109,0.5,0.5,109
"6444","Native",15,23,"spillover2","fp","spillover2 fp",4,0,194,194,-0.5,0.5,194
"6446","Native",15,9,"spillover2","fp","spillover2 fp",2,0,325,325,0.5,0.5,325
"6448","Native",15,7,"spillover2","fp","spillover2 fp",4,0,166,166,-0.5,0.5,166
"6450","Native",15,8,"spillover2","fp","spillover2 fp",1,0,99,99,0.5,-0.5,99
"6452","Native",15,6,"spillover2","fp","spillover2 fp",3,1,0,NA,-0.5,-0.5,NA
"6454","Native",15,2,"spillover2","fp","spillover2 fp",3,0,277,277,-0.5,-0.5,277
"6456","Native",15,11,"spillover2","fp","spillover2 fp",4,0,240,240,-0.5,0.5,240
"6458","Native",15,19,"spillover2","fp","spillover2 fp",4,0,392,392,-0.5,0.5,392
"6460","Native",15,10,"spillover2","fp","spillover2 fp",3,0,204,204,-0.5,-0.5,204
"6462","Native",15,3,"spillover2","fp","spillover2 fp",4,0,134,134,-0.5,0.5,134
"6464","Native",15,1,"spillover2","fp","spillover2 fp",2,0,118,118,0.5,0.5,118
"6466","Native",15,17,"spillover2","fp","spillover2 fp",2,0,322,322,0.5,0.5,322
"6468","Native",15,12,"spillover2","fp","spillover2 fp",1,0,292,292,0.5,-0.5,292
"6470","Native",15,18,"spillover2","fp","spillover2 fp",3,0,152,152,-0.5,-0.5,152
"6472","Native",15,15,"spillover2","fp","spillover2 fp",4,0,251,251,-0.5,0.5,251
"6474","Native",15,20,"spillover2","fp","spillover2 fp",1,0,234,234,0.5,-0.5,234
"6476","Native",15,5,"spillover2","fp","spillover2 fp",2,0,1164,1164,0.5,0.5,NA
"6478","Native",15,14,"spillover2","fp","spillover2 fp",3,0,295,295,-0.5,-0.5,295
"6480","Native",15,24,"spillover2","fp","spillover2 fp",1,0,159,159,0.5,-0.5,159
"6482","Native",16,3,"spillover2","fp","spillover2 fp",1,0,811,811,0.5,-0.5,811
"6484","Native",16,10,"spillover2","fp","spillover2 fp",4,0,195,195,-0.5,0.5,195
"6486","Native",16,18,"spillover2","fp","spillover2 fp",4,0,187,187,-0.5,0.5,187
"6488","Native",16,12,"spillover2","fp","spillover2 fp",2,0,638,638,0.5,0.5,638
"6490","Native",16,22,"spillover2","fp","spillover2 fp",4,0,478,478,-0.5,0.5,478
"6492","Native",16,13,"spillover2","fp","spillover2 fp",3,0,265,265,-0.5,-0.5,265
"6494","Native",16,24,"spillover2","fp","spillover2 fp",2,0,217,217,0.5,0.5,217
"6496","Native",16,21,"spillover2","fp","spillover2 fp",3,0,409,409,-0.5,-0.5,409
"6498","Native",16,4,"spillover2","fp","spillover2 fp",2,0,654,654,0.5,0.5,654
"6500","Native",16,15,"spillover2","fp","spillover2 fp",1,0,268,268,0.5,-0.5,268
"6502","Native",16,14,"spillover2","fp","spillover2 fp",4,0,245,245,-0.5,0.5,245
"6504","Native",16,16,"spillover2","fp","spillover2 fp",2,0,310,310,0.5,0.5,310
"6506","Native",16,7,"spillover2","fp","spillover2 fp",1,0,284,284,0.5,-0.5,284
"6508","Native",16,11,"spillover2","fp","spillover2 fp",1,0,138,138,0.5,-0.5,138
"6510","Native",16,9,"spillover2","fp","spillover2 fp",3,0,193,193,-0.5,-0.5,193
"6512","Native",16,19,"spillover2","fp","spillover2 fp",1,0,403,403,0.5,-0.5,403
"6514","Native",16,20,"spillover2","fp","spillover2 fp",2,0,155,155,0.5,0.5,155
"6516","Native",16,8,"spillover2","fp","spillover2 fp",2,0,253,253,0.5,0.5,253
"6518","Native",16,6,"spillover2","fp","spillover2 fp",4,0,326,326,-0.5,0.5,326
"6520","Native",16,5,"spillover2","fp","spillover2 fp",3,0,296,296,-0.5,-0.5,296
"6522","Native",16,17,"spillover2","fp","spillover2 fp",3,0,258,258,-0.5,-0.5,258
"6524","Native",16,23,"spillover2","fp","spillover2 fp",1,0,244,244,0.5,-0.5,244
"6526","Native",16,2,"spillover2","fp","spillover2 fp",4,0,385,385,-0.5,0.5,385
"6528","Native",16,1,"spillover2","fp","spillover2 fp",3,1,0,NA,-0.5,-0.5,NA
"6530","Native",17,10,"spillover2","fp","spillover2 fp",1,0,409,409,0.5,-0.5,409
"6532","Native",17,11,"spillover2","fp","spillover2 fp",2,0,315,315,0.5,0.5,315
"6534","Native",17,12,"spillover2","fp","spillover2 fp",3,0,701,701,-0.5,-0.5,701
"6536","Native",17,16,"spillover2","fp","spillover2 fp",3,0,857,857,-0.5,-0.5,857
"6538","Native",17,8,"spillover2","fp","spillover2 fp",3,0,698,698,-0.5,-0.5,698
"6540","Native",17,14,"spillover2","fp","spillover2 fp",1,0,374,374,0.5,-0.5,374
"6542","Native",17,17,"spillover2","fp","spillover2 fp",4,0,394,394,-0.5,0.5,394
"6544","Native",17,15,"spillover2","fp","spillover2 fp",2,0,370,370,0.5,0.5,370
"6546","Native",17,6,"spillover2","fp","spillover2 fp",1,0,275,275,0.5,-0.5,275
"6548","Native",17,2,"spillover2","fp","spillover2 fp",1,0,696,696,0.5,-0.5,696
"6550","Native",17,4,"spillover2","fp","spillover2 fp",3,0,537,537,-0.5,-0.5,537
"6552","Native",17,13,"spillover2","fp","spillover2 fp",4,0,1454,1454,-0.5,0.5,1454
"6554","Native",17,5,"spillover2","fp","spillover2 fp",4,0,1311,1311,-0.5,0.5,1311
"6556","Native",17,7,"spillover2","fp","spillover2 fp",2,0,676,676,0.5,0.5,676
"6558","Native",17,9,"spillover2","fp","spillover2 fp",4,0,426,426,-0.5,0.5,426
"6560","Native",17,3,"spillover2","fp","spillover2 fp",2,0,404,404,0.5,0.5,404
"6562","Native",17,21,"spillover2","fp","spillover2 fp",4,0,143,143,-0.5,0.5,143
"6564","Native",17,19,"spillover2","fp","spillover2 fp",2,0,319,319,0.5,0.5,319
"6566","Native",17,18,"spillover2","fp","spillover2 fp",1,0,371,371,0.5,-0.5,371
"6568","Native",17,20,"spillover2","fp","spillover2 fp",3,0,502,502,-0.5,-0.5,502
"6570","Native",17,1,"spillover2","fp","spillover2 fp",4,0,190,190,-0.5,0.5,190
"6572","Native",17,24,"spillover2","fp","spillover2 fp",3,0,156,156,-0.5,-0.5,156
"6574","Native",17,23,"spillover2","fp","spillover2 fp",2,0,116,116,0.5,0.5,116
"6576","Native",17,22,"spillover2","fp","spillover2 fp",1,0,305,305,0.5,-0.5,305
"6577","Native",18,8,"spillover2","fp","spillover2 fp",4,0,499,499,-0.5,0.5,499
"6579","Native",18,6,"spillover2","fp","spillover2 fp",2,0,170,170,0.5,0.5,170
"6581","Native",18,23,"spillover2","fp","spillover2 fp",3,0,829,829,-0.5,-0.5,829
"6583","Native",18,12,"spillover2","fp","spillover2 fp",4,0,1300,1300,-0.5,0.5,NA
"6585","Native",18,9,"spillover2","fp","spillover2 fp",1,0,339,339,0.5,-0.5,339
"6587","Native",18,17,"spillover2","fp","spillover2 fp",1,0,212,212,0.5,-0.5,212
"6589","Native",18,13,"spillover2","fp","spillover2 fp",1,0,296,296,0.5,-0.5,296
"6591","Native",18,19,"spillover2","fp","spillover2 fp",3,0,441,441,-0.5,-0.5,441
"6593","Native",18,5,"spillover2","fp","spillover2 fp",1,0,347,347,0.5,-0.5,347
"6595","Native",18,20,"spillover2","fp","spillover2 fp",4,0,332,332,-0.5,0.5,332
"6597","Native",18,16,"spillover2","fp","spillover2 fp",4,0,297,297,-0.5,0.5,297
"6599","Native",18,4,"spillover2","fp","spillover2 fp",4,0,621,621,-0.5,0.5,621
"6601","Native",18,18,"spillover2","fp","spillover2 fp",2,0,198,198,0.5,0.5,198
"6603","Native",18,11,"spillover2","fp","spillover2 fp",3,0,318,318,-0.5,-0.5,318
"6605","Native",18,2,"spillover2","fp","spillover2 fp",2,0,459,459,0.5,0.5,459
"6607","Native",18,1,"spillover2","fp","spillover2 fp",1,0,229,229,0.5,-0.5,229
"6609","Native",18,21,"spillover2","fp","spillover2 fp",1,0,146,146,0.5,-0.5,146
"6611","Native",18,10,"spillover2","fp","spillover2 fp",2,0,315,315,0.5,0.5,315
"6613","Native",18,14,"spillover2","fp","spillover2 fp",2,0,358,358,0.5,0.5,358
"6615","Native",18,15,"spillover2","fp","spillover2 fp",3,0,508,508,-0.5,-0.5,508
"6617","Native",18,22,"spillover2","fp","spillover2 fp",2,0,591,591,0.5,0.5,591
"6619","Native",18,7,"spillover2","fp","spillover2 fp",3,0,313,313,-0.5,-0.5,313
"6621","Native",18,24,"spillover2","fp","spillover2 fp",4,0,146,146,-0.5,0.5,146
"6623","Native",18,3,"spillover2","fp","spillover2 fp",3,0,526,526,-0.5,-0.5,526
"6625","Native",19,14,"spillover2","fp","spillover2 fp",3,0,314,314,-0.5,-0.5,314
"6627","Native",19,3,"spillover2","fp","spillover2 fp",4,0,595,595,-0.5,0.5,595
"6629","Native",19,17,"spillover2","fp","spillover2 fp",2,0,465,465,0.5,0.5,465
"6631","Native",19,24,"spillover2","fp","spillover2 fp",1,0,379,379,0.5,-0.5,379
"6633","Native",19,19,"spillover2","fp","spillover2 fp",4,0,461,461,-0.5,0.5,461
"6635","Native",19,22,"spillover2","fp","spillover2 fp",3,0,446,446,-0.5,-0.5,446
"6637","Native",19,21,"spillover2","fp","spillover2 fp",2,0,618,618,0.5,0.5,618
"6639","Native",19,15,"spillover2","fp","spillover2 fp",4,0,324,324,-0.5,0.5,324
"6641","Native",19,7,"spillover2","fp","spillover2 fp",4,0,532,532,-0.5,0.5,532
"6643","Native",19,6,"spillover2","fp","spillover2 fp",3,0,294,294,-0.5,-0.5,294
"6645","Native",19,1,"spillover2","fp","spillover2 fp",2,0,294,294,0.5,0.5,294
"6647","Native",19,8,"spillover2","fp","spillover2 fp",1,0,371,371,0.5,-0.5,371
"6649","Native",19,23,"spillover2","fp","spillover2 fp",4,0,182,182,-0.5,0.5,182
"6651","Native",19,16,"spillover2","fp","spillover2 fp",1,0,447,447,0.5,-0.5,447
"6653","Native",19,13,"spillover2","fp","spillover2 fp",2,0,226,226,0.5,0.5,226
"6655","Native",19,9,"spillover2","fp","spillover2 fp",2,0,208,208,0.5,0.5,208
"6657","Native",19,2,"spillover2","fp","spillover2 fp",3,0,349,349,-0.5,-0.5,349
"6659","Native",19,10,"spillover2","fp","spillover2 fp",3,0,261,261,-0.5,-0.5,261
"6661","Native",19,20,"spillover2","fp","spillover2 fp",1,0,249,249,0.5,-0.5,249
"6663","Native",19,5,"spillover2","fp","spillover2 fp",2,0,205,205,0.5,0.5,205
"6665","Native",19,11,"spillover2","fp","spillover2 fp",4,0,289,289,-0.5,0.5,289
"6667","Native",19,18,"spillover2","fp","spillover2 fp",3,0,227,227,-0.5,-0.5,227
"6669","Native",19,4,"spillover2","fp","spillover2 fp",1,0,336,336,0.5,-0.5,336
"6671","Native",19,12,"spillover2","fp","spillover2 fp",1,0,919,919,0.5,-0.5,919
"6674","Native",20,21,"spillover2","fp","spillover2 fp",3,0,261,261,-0.5,-0.5,261
"6676","Native",20,20,"spillover2","fp","spillover2 fp",2,0,403,403,0.5,0.5,403
"6678","Native",20,22,"spillover2","fp","spillover2 fp",4,0,510,510,-0.5,0.5,510
"6680","Native",20,12,"spillover2","fp","spillover2 fp",2,0,275,275,0.5,0.5,275
"6682","Native",20,11,"spillover2","fp","spillover2 fp",1,0,180,180,0.5,-0.5,180
"6684","Native",20,5,"spillover2","fp","spillover2 fp",3,0,347,347,-0.5,-0.5,347
"6686","Native",20,1,"spillover2","fp","spillover2 fp",3,0,379,379,-0.5,-0.5,379
"6688","Native",20,23,"spillover2","fp","spillover2 fp",1,0,208,208,0.5,-0.5,208
"6690","Native",20,9,"spillover2","fp","spillover2 fp",3,0,241,241,-0.5,-0.5,241
"6692","Native",20,14,"spillover2","fp","spillover2 fp",4,0,304,304,-0.5,0.5,304
"6694","Native",20,17,"spillover2","fp","spillover2 fp",3,0,246,246,-0.5,-0.5,246
"6696","Native",20,19,"spillover2","fp","spillover2 fp",1,0,126,126,0.5,-0.5,126
"6698","Native",20,24,"spillover2","fp","spillover2 fp",2,0,106,106,0.5,0.5,106
"6700","Native",20,13,"spillover2","fp","spillover2 fp",3,0,377,377,-0.5,-0.5,377
"6702","Native",20,4,"spillover2","fp","spillover2 fp",2,0,443,443,0.5,0.5,443
"6704","Native",20,10,"spillover2","fp","spillover2 fp",4,0,263,263,-0.5,0.5,263
"6706","Native",20,18,"spillover2","fp","spillover2 fp",4,0,563,563,-0.5,0.5,563
"6708","Native",20,7,"spillover2","fp","spillover2 fp",1,0,374,374,0.5,-0.5,374
"6710","Native",20,15,"spillover2","fp","spillover2 fp",1,0,148,148,0.5,-0.5,148
"6712","Native",20,8,"spillover2","fp","spillover2 fp",2,0,839,839,0.5,0.5,839
"6714","Native",20,16,"spillover2","fp","spillover2 fp",2,0,217,217,0.5,0.5,217
"6716","Native",20,6,"spillover2","fp","spillover2 fp",4,0,442,442,-0.5,0.5,442
"6718","Native",20,3,"spillover2","fp","spillover2 fp",1,0,327,327,0.5,-0.5,327
"6720","Native",20,2,"spillover2","fp","spillover2 fp",4,0,628,628,-0.5,0.5,628
"6721","Native",21,22,"spillover2","fp","spillover2 fp",1,0,272,272,0.5,-0.5,272
"6723","Native",21,19,"spillover2","fp","spillover2 fp",2,0,330,330,0.5,0.5,330
"6725","Native",21,5,"spillover2","fp","spillover2 fp",4,0,248,248,-0.5,0.5,248
"6727","Native",21,15,"spillover2","fp","spillover2 fp",2,0,428,428,0.5,0.5,428
"6729","Native",21,2,"spillover2","fp","spillover2 fp",1,0,1006,1006,0.5,-0.5,1006
"6731","Native",21,13,"spillover2","fp","spillover2 fp",4,0,786,786,-0.5,0.5,786
"6733","Native",21,9,"spillover2","fp","spillover2 fp",4,0,276,276,-0.5,0.5,276
"6735","Native",21,14,"spillover2","fp","spillover2 fp",1,0,262,262,0.5,-0.5,262
"6737","Native",21,21,"spillover2","fp","spillover2 fp",4,0,898,898,-0.5,0.5,898
"6739","Native",21,8,"spillover2","fp","spillover2 fp",3,0,180,180,-0.5,-0.5,180
"6741","Native",21,17,"spillover2","fp","spillover2 fp",4,0,394,394,-0.5,0.5,394
"6743","Native",21,1,"spillover2","fp","spillover2 fp",4,0,338,338,-0.5,0.5,338
"6745","Native",21,20,"spillover2","fp","spillover2 fp",3,0,236,236,-0.5,-0.5,236
"6747","Native",21,7,"spillover2","fp","spillover2 fp",2,0,382,382,0.5,0.5,382
"6749","Native",21,4,"spillover2","fp","spillover2 fp",3,0,386,386,-0.5,-0.5,386
"6751","Native",21,10,"spillover2","fp","spillover2 fp",1,0,304,304,0.5,-0.5,304
"6753","Native",21,16,"spillover2","fp","spillover2 fp",3,0,880,880,-0.5,-0.5,880
"6755","Native",21,23,"spillover2","fp","spillover2 fp",2,0,236,236,0.5,0.5,236
"6757","Native",21,18,"spillover2","fp","spillover2 fp",1,0,532,532,0.5,-0.5,532
"6759","Native",21,11,"spillover2","fp","spillover2 fp",2,0,232,232,0.5,0.5,232
"6761","Native",21,3,"spillover2","fp","spillover2 fp",2,0,664,664,0.5,0.5,664
"6763","Native",21,24,"spillover2","fp","spillover2 fp",3,0,140,140,-0.5,-0.5,140
"6765","Native",21,12,"spillover2","fp","spillover2 fp",3,0,534,534,-0.5,-0.5,534
"6767","Native",21,6,"spillover2","fp","spillover2 fp",1,0,162,162,0.5,-0.5,162
"6769","Native",22,22,"spillover2","fp","spillover2 fp",2,0,319,319,0.5,0.5,319
"6771","Native",22,18,"spillover2","fp","spillover2 fp",2,0,418,418,0.5,0.5,418
"6773","Native",22,8,"spillover2","fp","spillover2 fp",4,0,243,243,-0.5,0.5,243
"6775","Native",22,4,"spillover2","fp","spillover2 fp",4,0,659,659,-0.5,0.5,659
"6777","Native",22,9,"spillover2","fp","spillover2 fp",1,0,96,96,0.5,-0.5,96
"6779","Native",22,5,"spillover2","fp","spillover2 fp",1,0,179,179,0.5,-0.5,179
"6781","Native",22,2,"spillover2","fp","spillover2 fp",2,0,320,320,0.5,0.5,320
"6783","Native",22,15,"spillover2","fp","spillover2 fp",3,0,226,226,-0.5,-0.5,226
"6785","Native",22,19,"spillover2","fp","spillover2 fp",3,0,207,207,-0.5,-0.5,207
"6787","Native",22,3,"spillover2","fp","spillover2 fp",3,0,209,209,-0.5,-0.5,209
"6789","Native",22,6,"spillover2","fp","spillover2 fp",2,0,152,152,0.5,0.5,152
"6791","Native",22,1,"spillover2","fp","spillover2 fp",1,0,137,137,0.5,-0.5,137
"6793","Native",22,13,"spillover2","fp","spillover2 fp",1,0,85,85,0.5,-0.5,85
"6795","Native",22,14,"spillover2","fp","spillover2 fp",2,0,230,230,0.5,0.5,230
"6797","Native",22,12,"spillover2","fp","spillover2 fp",4,0,396,396,-0.5,0.5,396
"6799","Native",22,11,"spillover2","fp","spillover2 fp",3,0,156,156,-0.5,-0.5,156
"6801","Native",22,24,"spillover2","fp","spillover2 fp",4,0,169,169,-0.5,0.5,169
"6803","Native",22,20,"spillover2","fp","spillover2 fp",4,0,96,96,-0.5,0.5,96
"6805","Native",22,17,"spillover2","fp","spillover2 fp",1,0,164,164,0.5,-0.5,164
"6807","Native",22,7,"spillover2","fp","spillover2 fp",3,0,343,343,-0.5,-0.5,343
"6809","Native",22,21,"spillover2","fp","spillover2 fp",1,0,407,407,0.5,-0.5,407
"6811","Native",22,10,"spillover2","fp","spillover2 fp",2,0,522,522,0.5,0.5,522
"6813","Native",22,16,"spillover2","fp","spillover2 fp",4,0,760,760,-0.5,0.5,760
"6815","Native",22,23,"spillover2","fp","spillover2 fp",3,0,428,428,-0.5,-0.5,428
"6817","Native",23,9,"spillover2","fp","spillover2 fp",3,0,406,406,-0.5,-0.5,406
"6819","Native",23,11,"spillover2","fp","spillover2 fp",1,0,323,323,0.5,-0.5,323
"6821","Native",23,13,"spillover2","fp","spillover2 fp",3,0,140,140,-0.5,-0.5,140
"6823","Native",23,16,"spillover2","fp","spillover2 fp",2,0,539,539,0.5,0.5,539
"6825","Native",23,19,"spillover2","fp","spillover2 fp",1,0,167,167,0.5,-0.5,167
"6827","Native",23,23,"spillover2","fp","spillover2 fp",1,0,359,359,0.5,-0.5,359
"6829","Native",23,22,"spillover2","fp","spillover2 fp",4,0,415,415,-0.5,0.5,415
"6831","Native",23,20,"spillover2","fp","spillover2 fp",2,0,316,316,0.5,0.5,316
"6833","Native",23,5,"spillover2","fp","spillover2 fp",3,0,438,438,-0.5,-0.5,438
"6835","Native",23,14,"spillover2","fp","spillover2 fp",4,0,482,482,-0.5,0.5,482
"6837","Native",23,1,"spillover2","fp","spillover2 fp",3,0,184,184,-0.5,-0.5,184
"6839","Native",23,8,"spillover2","fp","spillover2 fp",2,0,170,170,0.5,0.5,170
"6841","Native",23,21,"spillover2","fp","spillover2 fp",3,0,320,320,-0.5,-0.5,320
"6843","Native",23,4,"spillover2","fp","spillover2 fp",2,0,677,677,0.5,0.5,677
"6845","Native",23,7,"spillover2","fp","spillover2 fp",1,0,418,418,0.5,-0.5,418
"6847","Native",23,6,"spillover2","fp","spillover2 fp",4,0,233,233,-0.5,0.5,233
"6849","Native",23,24,"spillover2","fp","spillover2 fp",2,0,262,262,0.5,0.5,262
"6851","Native",23,3,"spillover2","fp","spillover2 fp",1,0,299,299,0.5,-0.5,299
"6853","Native",23,17,"spillover2","fp","spillover2 fp",3,0,216,216,-0.5,-0.5,216
"6855","Native",23,10,"spillover2","fp","spillover2 fp",4,0,399,399,-0.5,0.5,399
"6857","Native",23,18,"spillover2","fp","spillover2 fp",4,0,183,183,-0.5,0.5,183
"6859","Native",23,2,"spillover2","fp","spillover2 fp",4,0,374,374,-0.5,0.5,374
"6861","Native",23,15,"spillover2","fp","spillover2 fp",1,0,458,458,0.5,-0.5,458
"6863","Native",23,12,"spillover2","fp","spillover2 fp",2,0,290,290,0.5,0.5,290
"6865","Native",24,3,"spillover2","fp","spillover2 fp",4,0,672,672,-0.5,0.5,672
"6867","Native",24,7,"spillover2","fp","spillover2 fp",4,0,720,720,-0.5,0.5,720
"6869","Native",24,22,"spillover2","fp","spillover2 fp",3,0,448,448,-0.5,-0.5,448
"6871","Native",24,6,"spillover2","fp","spillover2 fp",3,0,203,203,-0.5,-0.5,203
"6873","Native",24,12,"spillover2","fp","spillover2 fp",1,0,571,571,0.5,-0.5,571
"6875","Native",24,18,"spillover2","fp","spillover2 fp",3,0,595,595,-0.5,-0.5,595
"6877","Native",24,9,"spillover2","fp","spillover2 fp",2,0,553,553,0.5,0.5,553
"6879","Native",24,24,"spillover2","fp","spillover2 fp",1,0,431,431,0.5,-0.5,431
"6881","Native",24,1,"spillover2","fp","spillover2 fp",2,0,462,462,0.5,0.5,462
"6883","Native",24,13,"spillover2","fp","spillover2 fp",2,0,688,688,0.5,0.5,688
"6885","Native",24,19,"spillover2","fp","spillover2 fp",4,0,409,409,-0.5,0.5,409
"6887","Native",24,5,"spillover2","fp","spillover2 fp",2,0,1092,1092,0.5,0.5,1092
"6889","Native",24,14,"spillover2","fp","spillover2 fp",3,0,391,391,-0.5,-0.5,391
"6891","Native",24,20,"spillover2","fp","spillover2 fp",1,0,610,610,0.5,-0.5,610
"6893","Native",24,4,"spillover2","fp","spillover2 fp",1,0,609,609,0.5,-0.5,609
"6895","Native",24,21,"spillover2","fp","spillover2 fp",2,0,659,659,0.5,0.5,659
"6897","Native",24,16,"spillover2","fp","spillover2 fp",1,0,555,555,0.5,-0.5,555
"6899","Native",24,15,"spillover2","fp","spillover2 fp",4,0,587,587,-0.5,0.5,587
"6901","Native",24,2,"spillover2","fp","spillover2 fp",3,0,740,740,-0.5,-0.5,740
"6903","Native",24,11,"spillover2","fp","spillover2 fp",4,0,912,912,-0.5,0.5,912
"6905","Native",24,10,"spillover2","fp","spillover2 fp",3,0,455,455,-0.5,-0.5,455
"6907","Native",24,8,"spillover2","fp","spillover2 fp",1,0,418,418,0.5,-0.5,418
"6909","Native",24,17,"spillover2","fp","spillover2 fp",2,0,632,632,0.5,0.5,632
"6911","Native",24,23,"spillover2","fp","spillover2 fp",4,0,372,372,-0.5,0.5,372
"6913","Native",25,16,"spillover2","fp","spillover2 fp",2,0,265,265,0.5,0.5,265
"6915","Native",25,21,"spillover2","fp","spillover2 fp",3,0,615,615,-0.5,-0.5,615
"6917","Native",25,10,"spillover2","fp","spillover2 fp",4,0,321,321,-0.5,0.5,321
"6919","Native",25,6,"spillover2","fp","spillover2 fp",4,1,0,NA,-0.5,0.5,NA
"6921","Native",25,1,"spillover2","fp","spillover2 fp",3,0,341,341,-0.5,-0.5,341
"6923","Native",25,23,"spillover2","fp","spillover2 fp",1,0,148,148,0.5,-0.5,148
"6925","Native",25,19,"spillover2","fp","spillover2 fp",1,0,335,335,0.5,-0.5,335
"6927","Native",25,20,"spillover2","fp","spillover2 fp",2,0,798,798,0.5,0.5,798
"6929","Native",25,9,"spillover2","fp","spillover2 fp",3,0,138,138,-0.5,-0.5,138
"6931","Native",25,15,"spillover2","fp","spillover2 fp",1,0,264,264,0.5,-0.5,264
"6933","Native",25,12,"spillover2","fp","spillover2 fp",2,0,633,633,0.5,0.5,633
"6935","Native",25,13,"spillover2","fp","spillover2 fp",3,0,122,122,-0.5,-0.5,122
"6937","Native",25,8,"spillover2","fp","spillover2 fp",2,0,406,406,0.5,0.5,406
"6939","Native",25,17,"spillover2","fp","spillover2 fp",3,0,812,812,-0.5,-0.5,812
"6941","Native",25,5,"spillover2","fp","spillover2 fp",3,0,970,970,-0.5,-0.5,970
"6943","Native",25,18,"spillover2","fp","spillover2 fp",4,0,315,315,-0.5,0.5,315
"6945","Native",25,24,"spillover2","fp","spillover2 fp",2,0,419,419,0.5,0.5,419
"6947","Native",25,14,"spillover2","fp","spillover2 fp",4,0,233,233,-0.5,0.5,233
"6949","Native",25,7,"spillover2","fp","spillover2 fp",1,0,728,728,0.5,-0.5,728
"6951","Native",25,2,"spillover2","fp","spillover2 fp",4,0,200,200,-0.5,0.5,200
"6953","Native",25,4,"spillover2","fp","spillover2 fp",2,0,539,539,0.5,0.5,539
"6955","Native",25,3,"spillover2","fp","spillover2 fp",1,0,428,428,0.5,-0.5,428
"6957","Native",25,22,"spillover2","fp","spillover2 fp",4,0,165,165,-0.5,0.5,165
"6959","Native",25,11,"spillover2","fp","spillover2 fp",1,0,214,214,0.5,-0.5,214
"6962","Native",26,19,"spillover2","fp","spillover2 fp",2,0,228,228,0.5,0.5,228
"6964","Native",26,2,"spillover2","fp","spillover2 fp",1,0,221,221,0.5,-0.5,221
"6966","Native",26,4,"spillover2","fp","spillover2 fp",3,0,394,394,-0.5,-0.5,394
"6968","Native",26,21,"spillover2","fp","spillover2 fp",4,0,596,596,-0.5,0.5,596
"6970","Native",26,14,"spillover2","fp","spillover2 fp",1,0,242,242,0.5,-0.5,242
"6972","Native",26,1,"spillover2","fp","spillover2 fp",4,0,267,267,-0.5,0.5,267
"6974","Native",26,13,"spillover2","fp","spillover2 fp",4,0,236,236,-0.5,0.5,236
"6976","Native",26,24,"spillover2","fp","spillover2 fp",3,0,289,289,-0.5,-0.5,289
"6978","Native",26,23,"spillover2","fp","spillover2 fp",2,0,488,488,0.5,0.5,488
"6980","Native",26,20,"spillover2","fp","spillover2 fp",3,0,391,391,-0.5,-0.5,391
"6982","Native",26,9,"spillover2","fp","spillover2 fp",4,0,357,357,-0.5,0.5,357
"6984","Native",26,15,"spillover2","fp","spillover2 fp",2,0,312,312,0.5,0.5,312
"6986","Native",26,6,"spillover2","fp","spillover2 fp",1,0,243,243,0.5,-0.5,243
"6988","Native",26,8,"spillover2","fp","spillover2 fp",3,0,149,149,-0.5,-0.5,149
"6990","Native",26,18,"spillover2","fp","spillover2 fp",1,0,209,209,0.5,-0.5,209
"6992","Native",26,22,"spillover2","fp","spillover2 fp",1,1,0,NA,0.5,-0.5,NA
"6994","Native",26,10,"spillover2","fp","spillover2 fp",1,0,166,166,0.5,-0.5,166
"6996","Native",26,5,"spillover2","fp","spillover2 fp",4,0,482,482,-0.5,0.5,482
"6998","Native",26,7,"spillover2","fp","spillover2 fp",2,0,994,994,0.5,0.5,994
"7000","Native",26,17,"spillover2","fp","spillover2 fp",4,0,224,224,-0.5,0.5,224
"7002","Native",26,11,"spillover2","fp","spillover2 fp",2,0,370,370,0.5,0.5,370
"7004","Native",26,16,"spillover2","fp","spillover2 fp",3,0,308,308,-0.5,-0.5,308
"7006","Native",26,3,"spillover2","fp","spillover2 fp",2,0,597,597,0.5,0.5,597
"7008","Native",26,12,"spillover2","fp","spillover2 fp",3,0,322,322,-0.5,-0.5,322
"7010","Native",27,7,"spillover2","fp","spillover2 fp",3,0,446,446,-0.5,-0.5,446
"7012","Native",27,2,"spillover2","fp","spillover2 fp",2,0,416,416,0.5,0.5,416
"7014","Native",27,17,"spillover2","fp","spillover2 fp",1,0,333,333,0.5,-0.5,333
"7016","Native",27,6,"spillover2","fp","spillover2 fp",2,0,339,339,0.5,0.5,339
"7018","Native",27,11,"spillover2","fp","spillover2 fp",3,0,349,349,-0.5,-0.5,349
"7020","Native",27,15,"spillover2","fp","spillover2 fp",3,0,525,525,-0.5,-0.5,525
"7022","Native",27,1,"spillover2","fp","spillover2 fp",1,0,388,388,0.5,-0.5,388
"7024","Native",27,12,"spillover2","fp","spillover2 fp",4,0,628,628,-0.5,0.5,628
"7026","Native",27,4,"spillover2","fp","spillover2 fp",4,0,663,663,-0.5,0.5,663
"7028","Native",27,13,"spillover2","fp","spillover2 fp",1,0,549,549,0.5,-0.5,549
"7030","Native",27,23,"spillover2","fp","spillover2 fp",3,0,466,466,-0.5,-0.5,466
"7032","Native",27,3,"spillover2","fp","spillover2 fp",3,0,499,499,-0.5,-0.5,499
"7034","Native",27,5,"spillover2","fp","spillover2 fp",1,0,536,536,0.5,-0.5,536
"7036","Native",27,18,"spillover2","fp","spillover2 fp",2,0,638,638,0.5,0.5,638
"7038","Native",27,21,"spillover2","fp","spillover2 fp",1,0,761,761,0.5,-0.5,761
"7040","Native",27,9,"spillover2","fp","spillover2 fp",1,0,509,509,0.5,-0.5,509
"7042","Native",27,20,"spillover2","fp","spillover2 fp",4,0,482,482,-0.5,0.5,482
"7044","Native",27,22,"spillover2","fp","spillover2 fp",2,0,269,269,0.5,0.5,269
"7046","Native",27,14,"spillover2","fp","spillover2 fp",2,0,376,376,0.5,0.5,376
"7048","Native",27,24,"spillover2","fp","spillover2 fp",4,0,344,344,-0.5,0.5,344
"7050","Native",27,8,"spillover2","fp","spillover2 fp",4,0,533,533,-0.5,0.5,533
"7052","Native",27,10,"spillover2","fp","spillover2 fp",2,0,345,345,0.5,0.5,345
"7054","Native",27,16,"spillover2","fp","spillover2 fp",4,0,643,643,-0.5,0.5,643
"7056","Native",27,19,"spillover2","fp","spillover2 fp",3,0,801,801,-0.5,-0.5,801
"7058","Native",28,1,"spillover2","fp","spillover2 fp",2,0,478,478,0.5,0.5,478
"7060","Native",28,8,"spillover2","fp","spillover2 fp",1,0,190,190,0.5,-0.5,190
"7062","Native",28,9,"spillover2","fp","spillover2 fp",2,0,404,404,0.5,0.5,404
"7064","Native",28,13,"spillover2","fp","spillover2 fp",2,0,332,332,0.5,0.5,332
"7066","Native",28,18,"spillover2","fp","spillover2 fp",3,0,528,528,-0.5,-0.5,528
"7068","Native",28,4,"spillover2","fp","spillover2 fp",1,0,324,324,0.5,-0.5,324
"7070","Native",28,12,"spillover2","fp","spillover2 fp",1,0,532,532,0.5,-0.5,532
"7072","Native",28,7,"spillover2","fp","spillover2 fp",4,0,400,400,-0.5,0.5,400
"7074","Native",28,2,"spillover2","fp","spillover2 fp",3,0,498,498,-0.5,-0.5,498
"7076","Native",28,10,"spillover2","fp","spillover2 fp",3,0,126,126,-0.5,-0.5,126
"7078","Native",28,22,"spillover2","fp","spillover2 fp",3,0,438,438,-0.5,-0.5,438
"7080","Native",28,17,"spillover2","fp","spillover2 fp",2,0,286,286,0.5,0.5,286
"7082","Native",28,11,"spillover2","fp","spillover2 fp",4,0,414,414,-0.5,0.5,414
"7084","Native",28,20,"spillover2","fp","spillover2 fp",1,0,440,440,0.5,-0.5,440
"7086","Native",28,15,"spillover2","fp","spillover2 fp",4,0,480,480,-0.5,0.5,480
"7088","Native",28,23,"spillover2","fp","spillover2 fp",4,0,306,306,-0.5,0.5,306
"7090","Native",28,19,"spillover2","fp","spillover2 fp",4,0,194,194,-0.5,0.5,194
"7092","Native",28,24,"spillover2","fp","spillover2 fp",1,0,290,290,0.5,-0.5,290
"7094","Native",28,5,"spillover2","fp","spillover2 fp",2,0,612,612,0.5,0.5,612
"7096","Native",28,14,"spillover2","fp","spillover2 fp",3,0,282,282,-0.5,-0.5,282
"7098","Native",28,16,"spillover2","fp","spillover2 fp",1,0,500,500,0.5,-0.5,500
"7100","Native",28,3,"spillover2","fp","spillover2 fp",4,0,754,754,-0.5,0.5,754
"7102","Native",28,21,"spillover2","fp","spillover2 fp",2,0,222,222,0.5,0.5,222
"7104","Native",28,6,"spillover2","fp","spillover2 fp",3,0,376,376,-0.5,-0.5,376
"7105","Native",29,21,"spillover2","fp","spillover2 fp",3,0,726,726,-0.5,-0.5,726
"7107","Native",29,19,"spillover2","fp","spillover2 fp",1,0,172,172,0.5,-0.5,172
"7109","Native",29,17,"spillover2","fp","spillover2 fp",3,0,616,616,-0.5,-0.5,616
"7111","Native",29,13,"spillover2","fp","spillover2 fp",3,0,338,338,-0.5,-0.5,338
"7113","Native",29,2,"spillover2","fp","spillover2 fp",4,0,486,486,-0.5,0.5,486
"7115","Native",29,12,"spillover2","fp","spillover2 fp",2,0,570,570,0.5,0.5,570
"7117","Native",29,15,"spillover2","fp","spillover2 fp",1,0,290,290,0.5,-0.5,290
"7119","Native",29,4,"spillover2","fp","spillover2 fp",2,0,324,324,0.5,0.5,324
"7121","Native",29,24,"spillover2","fp","spillover2 fp",2,0,532,532,0.5,0.5,532
"7123","Native",29,3,"spillover2","fp","spillover2 fp",1,0,266,266,0.5,-0.5,266
"7125","Native",29,9,"spillover2","fp","spillover2 fp",3,0,200,200,-0.5,-0.5,200
"7127","Native",29,7,"spillover2","fp","spillover2 fp",1,0,536,536,0.5,-0.5,536
"7129","Native",29,11,"spillover2","fp","spillover2 fp",1,0,726,726,0.5,-0.5,726
"7131","Native",29,16,"spillover2","fp","spillover2 fp",2,0,374,374,0.5,0.5,374
"7133","Native",29,23,"spillover2","fp","spillover2 fp",1,0,356,356,0.5,-0.5,356
"7135","Native",29,14,"spillover2","fp","spillover2 fp",4,0,332,332,-0.5,0.5,332
"7137","Native",29,18,"spillover2","fp","spillover2 fp",4,0,204,204,-0.5,0.5,204
"7139","Native",29,1,"spillover2","fp","spillover2 fp",3,0,264,264,-0.5,-0.5,264
"7141","Native",29,22,"spillover2","fp","spillover2 fp",4,0,492,492,-0.5,0.5,492
"7143","Native",29,8,"spillover2","fp","spillover2 fp",2,0,180,180,0.5,0.5,180
"7145","Native",29,6,"spillover2","fp","spillover2 fp",4,0,88,88,-0.5,0.5,88
"7147","Native",29,5,"spillover2","fp","spillover2 fp",3,0,286,286,-0.5,-0.5,286
"7149","Native",29,20,"spillover2","fp","spillover2 fp",2,0,330,330,0.5,0.5,330
"7151","Native",29,10,"spillover2","fp","spillover2 fp",4,0,392,392,-0.5,0.5,392
"7153","Native",30,6,"spillover2","fp","spillover2 fp",1,0,278,278,0.5,-0.5,278
"7155","Native",30,13,"spillover2","fp","spillover2 fp",4,0,284,284,-0.5,0.5,284
"7157","Native",30,20,"spillover2","fp","spillover2 fp",3,0,166,166,-0.5,-0.5,166
"7159","Native",30,18,"spillover2","fp","spillover2 fp",1,0,148,148,0.5,-0.5,148
"7161","Native",30,5,"spillover2","fp","spillover2 fp",4,0,854,854,-0.5,0.5,854
"7163","Native",30,17,"spillover2","fp","spillover2 fp",4,0,144,144,-0.5,0.5,144
"7165","Native",30,2,"spillover2","fp","spillover2 fp",1,0,352,352,0.5,-0.5,352
"7167","Native",30,11,"spillover2","fp","spillover2 fp",2,0,256,256,0.5,0.5,256
"7169","Native",30,14,"spillover2","fp","spillover2 fp",1,0,134,134,0.5,-0.5,134
"7171","Native",30,4,"spillover2","fp","spillover2 fp",3,0,418,418,-0.5,-0.5,418
"7173","Native",30,15,"spillover2","fp","spillover2 fp",2,0,200,200,0.5,0.5,200
"7175","Native",30,9,"spillover2","fp","spillover2 fp",4,0,398,398,-0.5,0.5,398
"7177","Native",30,10,"spillover2","fp","spillover2 fp",1,0,1186,1186,0.5,-0.5,1186
"7179","Native",30,24,"spillover2","fp","spillover2 fp",3,0,858,858,-0.5,-0.5,858
"7181","Native",30,21,"spillover2","fp","spillover2 fp",4,0,620,620,-0.5,0.5,620
"7183","Native",30,19,"spillover2","fp","spillover2 fp",2,0,636,636,0.5,0.5,636
"7185","Native",30,12,"spillover2","fp","spillover2 fp",3,0,720,720,-0.5,-0.5,720
"7187","Native",30,23,"spillover2","fp","spillover2 fp",2,0,908,908,0.5,0.5,908
"7189","Native",30,7,"spillover2","fp","spillover2 fp",2,0,774,774,0.5,0.5,774
"7191","Native",30,1,"spillover2","fp","spillover2 fp",4,0,290,290,-0.5,0.5,290
"7193","Native",30,8,"spillover2","fp","spillover2 fp",3,0,284,284,-0.5,-0.5,284
"7195","Native",30,22,"spillover2","fp","spillover2 fp",1,0,748,748,0.5,-0.5,748
"7197","Native",30,16,"spillover2","fp","spillover2 fp",3,0,320,320,-0.5,-0.5,320
"7199","Native",30,3,"spillover2","fp","spillover2 fp",2,0,408,408,0.5,0.5,408
"7202","Native",31,21,"spillover2","fp","spillover2 fp",1,0,250,250,0.5,-0.5,250
"7204","Native",31,14,"spillover2","fp","spillover2 fp",2,0,140,140,0.5,0.5,140
"7206","Native",31,16,"spillover2","fp","spillover2 fp",4,0,338,338,-0.5,0.5,338
"7208","Native",31,4,"spillover2","fp","spillover2 fp",4,0,872,872,-0.5,0.5,872
"7210","Native",31,15,"spillover2","fp","spillover2 fp",3,0,244,244,-0.5,-0.5,244
"7212","Native",31,1,"spillover2","fp","spillover2 fp",1,0,270,270,0.5,-0.5,270
"7214","Native",31,22,"spillover2","fp","spillover2 fp",2,0,156,156,0.5,0.5,156
"7216","Native",31,8,"spillover2","fp","spillover2 fp",4,0,146,146,-0.5,0.5,146
"7218","Native",31,13,"spillover2","fp","spillover2 fp",1,0,160,160,0.5,-0.5,160
"7220","Native",31,2,"spillover2","fp","spillover2 fp",2,0,306,306,0.5,0.5,306
"7222","Native",31,24,"spillover2","fp","spillover2 fp",4,0,628,628,-0.5,0.5,628
"7224","Native",31,5,"spillover2","fp","spillover2 fp",1,0,338,338,0.5,-0.5,338
"7226","Native",31,10,"spillover2","fp","spillover2 fp",2,0,106,106,0.5,0.5,106
"7228","Native",31,6,"spillover2","fp","spillover2 fp",2,0,216,216,0.5,0.5,216
"7230","Native",31,11,"spillover2","fp","spillover2 fp",3,0,192,192,-0.5,-0.5,192
"7232","Native",31,23,"spillover2","fp","spillover2 fp",3,0,202,202,-0.5,-0.5,202
"7234","Native",31,9,"spillover2","fp","spillover2 fp",1,0,234,234,0.5,-0.5,234
"7236","Native",31,20,"spillover2","fp","spillover2 fp",4,0,156,156,-0.5,0.5,156
"7238","Native",31,7,"spillover2","fp","spillover2 fp",3,0,406,406,-0.5,-0.5,406
"7240","Native",31,18,"spillover2","fp","spillover2 fp",2,0,122,122,0.5,0.5,122
"7242","Native",31,3,"spillover2","fp","spillover2 fp",3,0,478,478,-0.5,-0.5,478
"7244","Native",31,17,"spillover2","fp","spillover2 fp",1,0,178,178,0.5,-0.5,178
"7246","Native",31,19,"spillover2","fp","spillover2 fp",3,0,214,214,-0.5,-0.5,214
"7248","Native",31,12,"spillover2","fp","spillover2 fp",4,0,252,252,-0.5,0.5,252
"7249","Native",32,19,"spillover2","fp","spillover2 fp",4,0,176,176,-0.5,0.5,176
"7251","Native",32,20,"spillover2","fp","spillover2 fp",1,0,308,308,0.5,-0.5,308
"7253","Native",32,9,"spillover2","fp","spillover2 fp",2,0,186,186,0.5,0.5,186
"7255","Native",32,4,"spillover2","fp","spillover2 fp",1,0,348,348,0.5,-0.5,348
"7257","Native",32,10,"spillover2","fp","spillover2 fp",3,0,306,306,-0.5,-0.5,306
"7259","Native",32,12,"spillover2","fp","spillover2 fp",1,0,270,270,0.5,-0.5,270
"7261","Native",32,7,"spillover2","fp","spillover2 fp",4,0,250,250,-0.5,0.5,250
"7263","Native",32,11,"spillover2","fp","spillover2 fp",4,0,274,274,-0.5,0.5,274
"7265","Native",32,8,"spillover2","fp","spillover2 fp",1,0,210,210,0.5,-0.5,210
"7267","Native",32,18,"spillover2","fp","spillover2 fp",3,0,150,150,-0.5,-0.5,150
"7269","Native",32,14,"spillover2","fp","spillover2 fp",3,0,308,308,-0.5,-0.5,308
"7271","Native",32,2,"spillover2","fp","spillover2 fp",3,0,256,256,-0.5,-0.5,256
"7273","Native",32,15,"spillover2","fp","spillover2 fp",4,0,190,190,-0.5,0.5,190
"7275","Native",32,17,"spillover2","fp","spillover2 fp",2,0,184,184,0.5,0.5,184
"7277","Native",32,5,"spillover2","fp","spillover2 fp",2,0,248,248,0.5,0.5,248
"7279","Native",32,22,"spillover2","fp","spillover2 fp",3,0,246,246,-0.5,-0.5,246
"7281","Native",32,24,"spillover2","fp","spillover2 fp",1,0,160,160,0.5,-0.5,160
"7283","Native",32,21,"spillover2","fp","spillover2 fp",2,0,284,284,0.5,0.5,284
"7285","Native",32,1,"spillover2","fp","spillover2 fp",2,0,170,170,0.5,0.5,170
"7287","Native",32,16,"spillover2","fp","spillover2 fp",1,0,278,278,0.5,-0.5,278
"7289","Native",32,6,"spillover2","fp","spillover2 fp",3,0,192,192,-0.5,-0.5,192
"7291","Native",32,13,"spillover2","fp","spillover2 fp",2,0,156,156,0.5,0.5,156
"7293","Native",32,3,"spillover2","fp","spillover2 fp",4,0,284,284,-0.5,0.5,284
"7295","Native",32,23,"spillover2","fp","spillover2 fp",4,0,244,244,-0.5,0.5,244
"7297","Native",33,4,"spillover2","fp","spillover2 fp",2,0,284,284,0.5,0.5,284
"7299","Native",33,2,"spillover2","fp","spillover2 fp",4,0,356,356,-0.5,0.5,356
"7301","Native",33,16,"spillover2","fp","spillover2 fp",2,0,452,452,0.5,0.5,452
"7303","Native",33,11,"spillover2","fp","spillover2 fp",1,0,890,890,0.5,-0.5,890
"7305","Native",33,1,"spillover2","fp","spillover2 fp",3,0,260,260,-0.5,-0.5,260
"7307","Native",33,15,"spillover2","fp","spillover2 fp",1,0,92,92,0.5,-0.5,92
"7309","Native",33,23,"spillover2","fp","spillover2 fp",1,0,552,552,0.5,-0.5,552
"7311","Native",33,20,"spillover2","fp","spillover2 fp",2,0,498,498,0.5,0.5,498
"7313","Native",33,7,"spillover2","fp","spillover2 fp",1,0,636,636,0.5,-0.5,636
"7315","Native",33,3,"spillover2","fp","spillover2 fp",1,0,1152,1152,0.5,-0.5,1152
"7317","Native",33,12,"spillover2","fp","spillover2 fp",2,0,338,338,0.5,0.5,338
"7319","Native",33,24,"spillover2","fp","spillover2 fp",2,0,474,474,0.5,0.5,474
"7321","Native",33,14,"spillover2","fp","spillover2 fp",4,0,358,358,-0.5,0.5,358
"7323","Native",33,18,"spillover2","fp","spillover2 fp",4,0,826,826,-0.5,0.5,826
"7325","Native",33,6,"spillover2","fp","spillover2 fp",4,0,306,306,-0.5,0.5,306
"7327","Native",33,21,"spillover2","fp","spillover2 fp",3,0,338,338,-0.5,-0.5,338
"7329","Native",33,13,"spillover2","fp","spillover2 fp",3,0,464,464,-0.5,-0.5,464
"7331","Native",33,9,"spillover2","fp","spillover2 fp",3,0,328,328,-0.5,-0.5,328
"7333","Native",33,10,"spillover2","fp","spillover2 fp",4,0,544,544,-0.5,0.5,544
"7335","Native",33,19,"spillover2","fp","spillover2 fp",1,0,468,468,0.5,-0.5,468
"7337","Native",33,22,"spillover2","fp","spillover2 fp",4,0,670,670,-0.5,0.5,670
"7339","Native",33,8,"spillover2","fp","spillover2 fp",2,0,492,492,0.5,0.5,492
"7341","Native",33,17,"spillover2","fp","spillover2 fp",3,0,406,406,-0.5,-0.5,406
"7343","Native",33,5,"spillover2","fp","spillover2 fp",3,0,694,694,-0.5,-0.5,694
"7346","Native",34,16,"spillover2","fp","spillover2 fp",3,0,338,338,-0.5,-0.5,338
"7348","Native",34,14,"spillover2","fp","spillover2 fp",1,0,190,190,0.5,-0.5,190
"7350","Native",34,1,"spillover2","fp","spillover2 fp",4,0,223,223,-0.5,0.5,223
"7352","Native",34,24,"spillover2","fp","spillover2 fp",3,0,204,204,-0.5,-0.5,204
"7354","Native",34,5,"spillover2","fp","spillover2 fp",4,0,538,538,-0.5,0.5,538
"7356","Native",34,13,"spillover2","fp","spillover2 fp",4,0,358,358,-0.5,0.5,358
"7358","Native",34,3,"spillover2","fp","spillover2 fp",2,0,847,847,0.5,0.5,847
"7360","Native",34,2,"spillover2","fp","spillover2 fp",1,0,604,604,0.5,-0.5,604
"7362","Native",34,19,"spillover2","fp","spillover2 fp",2,0,383,383,0.5,0.5,383
"7364","Native",34,18,"spillover2","fp","spillover2 fp",1,0,537,537,0.5,-0.5,537
"7366","Native",34,22,"spillover2","fp","spillover2 fp",1,0,836,836,0.5,-0.5,836
"7368","Native",34,17,"spillover2","fp","spillover2 fp",4,0,404,404,-0.5,0.5,404
"7370","Native",34,4,"spillover2","fp","spillover2 fp",3,0,641,641,-0.5,-0.5,641
"7372","Native",34,20,"spillover2","fp","spillover2 fp",3,0,236,236,-0.5,-0.5,236
"7374","Native",34,7,"spillover2","fp","spillover2 fp",2,0,1022,1022,0.5,0.5,1022
"7376","Native",34,11,"spillover2","fp","spillover2 fp",2,0,778,778,0.5,0.5,778
"7378","Native",34,8,"spillover2","fp","spillover2 fp",3,0,362,362,-0.5,-0.5,362
"7380","Native",34,21,"spillover2","fp","spillover2 fp",4,0,906,906,-0.5,0.5,906
"7382","Native",34,12,"spillover2","fp","spillover2 fp",3,0,985,985,-0.5,-0.5,985
"7384","Native",34,15,"spillover2","fp","spillover2 fp",2,0,564,564,0.5,0.5,564
"7386","Native",34,10,"spillover2","fp","spillover2 fp",1,0,294,294,0.5,-0.5,294
"7388","Native",34,23,"spillover2","fp","spillover2 fp",2,0,202,202,0.5,0.5,202
"7390","Native",34,9,"spillover2","fp","spillover2 fp",4,0,786,786,-0.5,0.5,786
"7392","Native",34,6,"spillover2","fp","spillover2 fp",1,0,186,186,0.5,-0.5,186
"7393","Native",35,23,"spillover2","fp","spillover2 fp",2,0,538,538,0.5,0.5,538
"7395","Native",35,1,"spillover2","fp","spillover2 fp",4,0,190,190,-0.5,0.5,190
"7397","Native",35,10,"spillover2","fp","spillover2 fp",1,0,276,276,0.5,-0.5,276
"7399","Native",35,4,"spillover2","fp","spillover2 fp",3,0,452,452,-0.5,-0.5,452
"7401","Native",35,18,"spillover2","fp","spillover2 fp",1,0,250,250,0.5,-0.5,250
"7403","Native",35,9,"spillover2","fp","spillover2 fp",4,0,194,194,-0.5,0.5,194
"7405","Native",35,20,"spillover2","fp","spillover2 fp",3,0,1150,1150,-0.5,-0.5,1150
"7407","Native",35,17,"spillover2","fp","spillover2 fp",4,0,424,424,-0.5,0.5,424
"7409","Native",35,14,"spillover2","fp","spillover2 fp",1,0,846,846,0.5,-0.5,846
"7411","Native",35,2,"spillover2","fp","spillover2 fp",1,0,390,390,0.5,-0.5,390
"7413","Native",35,15,"spillover2","fp","spillover2 fp",2,0,310,310,0.5,0.5,310
"7415","Native",35,19,"spillover2","fp","spillover2 fp",2,0,426,426,0.5,0.5,426
"7417","Native",35,3,"spillover2","fp","spillover2 fp",2,0,476,476,0.5,0.5,476
"7419","Native",35,12,"spillover2","fp","spillover2 fp",3,0,446,446,-0.5,-0.5,446
"7421","Native",35,11,"spillover2","fp","spillover2 fp",2,0,364,364,0.5,0.5,364
"7423","Native",35,24,"spillover2","fp","spillover2 fp",3,0,146,146,-0.5,-0.5,146
"7425","Native",35,7,"spillover2","fp","spillover2 fp",2,0,574,574,0.5,0.5,574
"7427","Native",35,21,"spillover2","fp","spillover2 fp",4,0,1008,1008,-0.5,0.5,1008
"7429","Native",35,5,"spillover2","fp","spillover2 fp",4,0,506,506,-0.5,0.5,506
"7431","Native",35,22,"spillover2","fp","spillover2 fp",1,0,350,350,0.5,-0.5,350
"7433","Native",35,6,"spillover2","fp","spillover2 fp",1,0,206,206,0.5,-0.5,206
"7435","Native",35,13,"spillover2","fp","spillover2 fp",4,0,534,534,-0.5,0.5,534
"7437","Native",35,8,"spillover2","fp","spillover2 fp",3,0,384,384,-0.5,-0.5,384
"7439","Native",35,16,"spillover2","fp","spillover2 fp",3,0,232,232,-0.5,-0.5,232
"7441","Native",36,24,"spillover2","fp","spillover2 fp",4,0,507,507,-0.5,0.5,507
"7443","Native",36,19,"spillover2","fp","spillover2 fp",3,0,294,294,-0.5,-0.5,294
"7445","Native",36,12,"spillover2","fp","spillover2 fp",4,0,322,322,-0.5,0.5,322
"7447","Native",36,21,"spillover2","fp","spillover2 fp",1,0,494,494,0.5,-0.5,494
"7449","Native",36,4,"spillover2","fp","spillover2 fp",4,0,400,400,-0.5,0.5,400
"7451","Native",36,13,"spillover2","fp","spillover2 fp",1,0,227,227,0.5,-0.5,227
"7453","Native",36,11,"spillover2","fp","spillover2 fp",3,0,232,232,-0.5,-0.5,232
"7455","Native",36,22,"spillover2","fp","spillover2 fp",2,0,448,448,0.5,0.5,448
"7457","Native",36,5,"spillover2","fp","spillover2 fp",1,0,382,382,0.5,-0.5,382
"7459","Native",36,18,"spillover2","fp","spillover2 fp",2,0,457,457,0.5,0.5,457
"7461","Native",36,8,"spillover2","fp","spillover2 fp",4,0,186,186,-0.5,0.5,186
"7463","Native",36,6,"spillover2","fp","spillover2 fp",2,0,209,209,0.5,0.5,209
"7465","Native",36,2,"spillover2","fp","spillover2 fp",2,0,353,353,0.5,0.5,353
"7467","Native",36,15,"spillover2","fp","spillover2 fp",3,0,155,155,-0.5,-0.5,155
"7469","Native",36,14,"spillover2","fp","spillover2 fp",2,0,487,487,0.5,0.5,487
"7471","Native",36,1,"spillover2","fp","spillover2 fp",1,0,319,319,0.5,-0.5,319
"7473","Native",36,7,"spillover2","fp","spillover2 fp",3,0,443,443,-0.5,-0.5,443
"7475","Native",36,20,"spillover2","fp","spillover2 fp",4,0,562,562,-0.5,0.5,562
"7477","Native",36,23,"spillover2","fp","spillover2 fp",3,0,301,301,-0.5,-0.5,301
"7479","Native",36,17,"spillover2","fp","spillover2 fp",1,0,351,351,0.5,-0.5,351
"7481","Native",36,16,"spillover2","fp","spillover2 fp",4,0,259,259,-0.5,0.5,259
"7483","Native",36,9,"spillover2","fp","spillover2 fp",1,0,396,396,0.5,-0.5,396
"7485","Native",36,10,"spillover2","fp","spillover2 fp",2,0,200,200,0.5,0.5,200
"7487","Native",36,3,"spillover2","fp","spillover2 fp",3,0,468,468,-0.5,-0.5,468
"7489","Native",37,15,"spillover2","fp","spillover2 fp",4,0,503,503,-0.5,0.5,503
"7491","Native",37,20,"spillover2","fp","spillover2 fp",1,0,342,342,0.5,-0.5,342
"7493","Native",37,5,"spillover2","fp","spillover2 fp",2,0,345,345,0.5,0.5,345
"7495","Native",37,24,"spillover2","fp","spillover2 fp",1,0,1136,1136,0.5,-0.5,1136
"7497","Native",37,3,"spillover2","fp","spillover2 fp",4,0,1195,1195,-0.5,0.5,1195
"7499","Native",37,4,"spillover2","fp","spillover2 fp",1,0,412,412,0.5,-0.5,412
"7501","Native",37,6,"spillover2","fp","spillover2 fp",3,0,152,152,-0.5,-0.5,152
"7503","Native",37,13,"spillover2","fp","spillover2 fp",2,0,182,182,0.5,0.5,182
"7505","Native",37,1,"spillover2","fp","spillover2 fp",2,0,328,328,0.5,0.5,328
"7507","Native",37,16,"spillover2","fp","spillover2 fp",1,0,302,302,0.5,-0.5,302
"7509","Native",37,9,"spillover2","fp","spillover2 fp",2,0,718,718,0.5,0.5,718
"7511","Native",37,19,"spillover2","fp","spillover2 fp",4,0,123,123,-0.5,0.5,123
"7513","Native",37,17,"spillover2","fp","spillover2 fp",2,0,277,277,0.5,0.5,277
"7515","Native",37,22,"spillover2","fp","spillover2 fp",3,0,411,411,-0.5,-0.5,411
"7517","Native",37,14,"spillover2","fp","spillover2 fp",3,0,333,333,-0.5,-0.5,333
"7519","Native",37,2,"spillover2","fp","spillover2 fp",3,0,269,269,-0.5,-0.5,269
"7521","Native",37,23,"spillover2","fp","spillover2 fp",4,0,366,366,-0.5,0.5,366
"7523","Native",37,8,"spillover2","fp","spillover2 fp",1,0,141,141,0.5,-0.5,141
"7525","Native",37,7,"spillover2","fp","spillover2 fp",4,0,279,279,-0.5,0.5,279
"7527","Native",37,11,"spillover2","fp","spillover2 fp",4,0,234,234,-0.5,0.5,234
"7529","Native",37,10,"spillover2","fp","spillover2 fp",3,0,203,203,-0.5,-0.5,203
"7531","Native",37,12,"spillover2","fp","spillover2 fp",1,0,228,228,0.5,-0.5,228
"7533","Native",37,18,"spillover2","fp","spillover2 fp",3,0,349,349,-0.5,-0.5,349
"7535","Native",37,21,"spillover2","fp","spillover2 fp",2,0,247,247,0.5,0.5,247
"7538","Native",38,17,"spillover2","fp","spillover2 fp",3,0,289,289,-0.5,-0.5,289
"7540","Native",38,2,"spillover2","fp","spillover2 fp",4,0,450,450,-0.5,0.5,450
"7542","Native",38,14,"spillover2","fp","spillover2 fp",4,0,488,488,-0.5,0.5,488
"7544","Native",38,21,"spillover2","fp","spillover2 fp",3,0,299,299,-0.5,-0.5,299
"7546","Native",38,11,"spillover2","fp","spillover2 fp",1,0,354,354,0.5,-0.5,354
"7548","Native",38,9,"spillover2","fp","spillover2 fp",3,0,197,197,-0.5,-0.5,197
"7550","Native",38,13,"spillover2","fp","spillover2 fp",3,0,194,194,-0.5,-0.5,194
"7552","Native",38,24,"spillover2","fp","spillover2 fp",2,1,0,NA,0.5,0.5,NA
"7554","Native",38,20,"spillover2","fp","spillover2 fp",2,0,201,201,0.5,0.5,201
"7556","Native",38,6,"spillover2","fp","spillover2 fp",4,0,166,166,-0.5,0.5,166
"7558","Native",38,3,"spillover2","fp","spillover2 fp",1,0,581,581,0.5,-0.5,581
"7560","Native",38,23,"spillover2","fp","spillover2 fp",1,0,212,212,0.5,-0.5,212
"7562","Native",38,5,"spillover2","fp","spillover2 fp",3,0,307,307,-0.5,-0.5,307
"7564","Native",38,12,"spillover2","fp","spillover2 fp",2,0,209,209,0.5,0.5,209
"7566","Native",38,8,"spillover2","fp","spillover2 fp",2,0,193,193,0.5,0.5,193
"7568","Native",38,16,"spillover2","fp","spillover2 fp",2,0,358,358,0.5,0.5,358
"7570","Native",38,22,"spillover2","fp","spillover2 fp",4,0,201,201,-0.5,0.5,201
"7572","Native",38,19,"spillover2","fp","spillover2 fp",1,0,97,97,0.5,-0.5,97
"7574","Native",38,7,"spillover2","fp","spillover2 fp",1,0,200,200,0.5,-0.5,200
"7576","Native",38,18,"spillover2","fp","spillover2 fp",4,0,184,184,-0.5,0.5,184
"7578","Native",38,15,"spillover2","fp","spillover2 fp",1,1,0,NA,0.5,-0.5,NA
"7580","Native",38,1,"spillover2","fp","spillover2 fp",3,0,195,195,-0.5,-0.5,195
"7582","Native",38,10,"spillover2","fp","spillover2 fp",4,0,122,122,-0.5,0.5,122
"7584","Native",38,4,"spillover2","fp","spillover2 fp",2,0,211,211,0.5,0.5,211
"7586","Native",39,19,"spillover2","fp","spillover2 fp",2,0,328,328,0.5,0.5,328
"7588","Native",39,9,"spillover2","fp","spillover2 fp",4,0,396,396,-0.5,0.5,396
"7590","Native",39,15,"spillover2","fp","spillover2 fp",2,0,446,446,0.5,0.5,446
"7592","Native",39,4,"spillover2","fp","spillover2 fp",3,0,607,607,-0.5,-0.5,607
"7594","Native",39,20,"spillover2","fp","spillover2 fp",3,0,524,524,-0.5,-0.5,524
"7596","Native",39,3,"spillover2","fp","spillover2 fp",2,0,808,808,0.5,0.5,808
"7598","Native",39,2,"spillover2","fp","spillover2 fp",1,0,452,452,0.5,-0.5,452
"7600","Native",39,11,"spillover2","fp","spillover2 fp",2,0,489,489,0.5,0.5,489
"7602","Native",39,23,"spillover2","fp","spillover2 fp",2,0,351,351,0.5,0.5,351
"7604","Native",39,8,"spillover2","fp","spillover2 fp",3,0,405,405,-0.5,-0.5,405
"7606","Native",39,7,"spillover2","fp","spillover2 fp",2,0,558,558,0.5,0.5,558
"7608","Native",39,12,"spillover2","fp","spillover2 fp",3,0,843,843,-0.5,-0.5,843
"7610","Native",39,1,"spillover2","fp","spillover2 fp",4,0,217,217,-0.5,0.5,217
"7612","Native",39,24,"spillover2","fp","spillover2 fp",3,0,369,369,-0.5,-0.5,369
"7614","Native",39,22,"spillover2","fp","spillover2 fp",1,0,300,300,0.5,-0.5,300
"7616","Native",39,17,"spillover2","fp","spillover2 fp",4,0,696,696,-0.5,0.5,696
"7618","Native",39,6,"spillover2","fp","spillover2 fp",1,0,173,173,0.5,-0.5,173
"7620","Native",39,16,"spillover2","fp","spillover2 fp",3,0,643,643,-0.5,-0.5,643
"7622","Native",39,14,"spillover2","fp","spillover2 fp",1,0,651,651,0.5,-0.5,651
"7624","Native",39,10,"spillover2","fp","spillover2 fp",1,0,439,439,0.5,-0.5,439
"7626","Native",39,5,"spillover2","fp","spillover2 fp",4,0,746,746,-0.5,0.5,746
"7628","Native",39,18,"spillover2","fp","spillover2 fp",1,0,438,438,0.5,-0.5,438
"7630","Native",39,13,"spillover2","fp","spillover2 fp",4,0,192,192,-0.5,0.5,192
"7632","Native",39,21,"spillover2","fp","spillover2 fp",4,0,488,488,-0.5,0.5,488
"7633","Native",40,22,"spillover2","fp","spillover2 fp",2,0,263,263,0.5,0.5,263
"7635","Native",40,24,"spillover2","fp","spillover2 fp",4,0,195,195,-0.5,0.5,195
"7637","Native",40,19,"spillover2","fp","spillover2 fp",3,0,236,236,-0.5,-0.5,236
"7639","Native",40,18,"spillover2","fp","spillover2 fp",2,0,312,312,0.5,0.5,312
"7641","Native",40,8,"spillover2","fp","spillover2 fp",4,0,286,286,-0.5,0.5,286
"7643","Native",40,9,"spillover2","fp","spillover2 fp",1,0,185,185,0.5,-0.5,185
"7645","Native",40,17,"spillover2","fp","spillover2 fp",1,0,142,142,0.5,-0.5,142
"7647","Native",40,3,"spillover2","fp","spillover2 fp",3,0,257,257,-0.5,-0.5,257
"7649","Native",40,10,"spillover2","fp","spillover2 fp",2,0,218,218,0.5,0.5,218
"7651","Native",40,7,"spillover2","fp","spillover2 fp",3,0,369,369,-0.5,-0.5,369
"7653","Native",40,1,"spillover2","fp","spillover2 fp",1,0,187,187,0.5,-0.5,187
"7655","Native",40,16,"spillover2","fp","spillover2 fp",4,0,150,150,-0.5,0.5,150
"7657","Native",40,12,"spillover2","fp","spillover2 fp",4,0,312,312,-0.5,0.5,312
"7659","Native",40,14,"spillover2","fp","spillover2 fp",2,0,293,293,0.5,0.5,293
"7661","Native",40,13,"spillover2","fp","spillover2 fp",1,0,222,222,0.5,-0.5,222
"7663","Native",40,2,"spillover2","fp","spillover2 fp",2,0,154,154,0.5,0.5,154
"7665","Native",40,5,"spillover2","fp","spillover2 fp",1,0,174,174,0.5,-0.5,174
"7667","Native",40,11,"spillover2","fp","spillover2 fp",3,0,154,154,-0.5,-0.5,154
"7669","Native",40,15,"spillover2","fp","spillover2 fp",3,0,240,240,-0.5,-0.5,240
"7671","Native",40,20,"spillover2","fp","spillover2 fp",4,0,140,140,-0.5,0.5,140
"7673","Native",40,23,"spillover2","fp","spillover2 fp",3,0,198,198,-0.5,-0.5,198
"7675","Native",40,4,"spillover2","fp","spillover2 fp",4,0,272,272,-0.5,0.5,272
"7677","Native",40,6,"spillover2","fp","spillover2 fp",2,0,142,142,0.5,0.5,142
"7679","Native",40,21,"spillover2","fp","spillover2 fp",1,0,141,141,0.5,-0.5,141
